no,tgl_iklan,url,harga,kota,LT,LB,KT,KM,KTP,KMP,carport,garasi,listrik,surat,judul,deskripsi
1,03-31-2021,https://www.rumah.com/listing-properti/dijual-rumah-murah-strategis-kpr-all-in-2-lantai-premium-oleh-jimmy-kokong-17903135,682200000,Jakarta ,44,52,3,2,0,0,1,0,2200,SHM,"Rumah murah strategis KPR All in, 2 lantai premium","
Rumah Murah Dan Asri Dekat Pintu Tol Anti Banjir Dan Bisa KPR
MARKETING OFFICE RESMI
ALYA RESIDENCE - Batu Belah, Jagakarsa.
Rumah 13 kavling
2 ready type 2 lantai
11 Indent
HARGA KPR sudah Include pajak + biaya KPR

RUMAH 2 LANTAI (Indent)
Luas Tanah 44 m2
Luas Bangunan 52 m2
Kamar Tidur 3
Kamar Mandi 2
Carport 1 Mobil
Listrik 1300 watt
Ruang Cuci Jemur
SHM, IMB, PBB
Cash & KPR"
2,04-01-2021,https://www.rumah.com/listing-properti/dijual-dijual-rumah-bagus-di-taman-modern-cakung-oleh-oka-lie-18346218,2100000000,Jakarta ,162,200,4,2,1,1,0,1,3500,SHM,Dijual rumah bagus di Taman Modern cakung,"Dijual Rumah Bagus Di Taman Modern Cakung Jakarta Timur
Dijual rumah bagus di taman modern Cakung Jakarta Timur

Lt 9x18=162m2
Lb 200m2
Kt 4+1
Km 2+1
Pln 3500w
Pam
Ac 5unit,kitchen set
Hadap utara
Row jalan bisa 3mbl,bebas banjirrr....

Hrg 2,1M nego

#OK

HUBUNGI :

OKA LJ HOOKER
0878 7666 0972"
3,04-01-2021,https://www.rumah.com/listing-properti/dijual-rumah-di-janur-asri-kelapa-gading-oleh-oka-lie-18347105,2900000000,Jakarta ,102,200,4,2,1,1,1,1,3500,SHM,"Rumah di Janur Asri, Kelapa Gading","Rumah Di Janur Asri, Kelapa Gading
Dijual rumah diKlp Gading Janur Asri

Lt 6x17=102m2
2lantai
Kt 4+1
Km 2+1
Pln 3300w
Pam
Ac 3unit
Row jalan lebar bs dilalui 3mbl.
Shm
Hrg 2,9M nego
"
4,04-01-2021,https://www.rumah.com/listing-properti/dijual-harga-perdana-rumah-3-lantai-di-the-heritage-residence-jakarta-barat-oleh-muhammad-reza-faisal-18305152,4900000000,Jakarta ,149,225,4,3,1,0,2,1,2200,SHM,Harga Perdana Rumah 3 Lantai di The Heritage Residence Jakarta Barat,"Rumah Mewah 3 Lantai Harga Perdana
Launch NOW ! 
GOLDLAND Group, developer properti sejak 1973 resmi luncurkan World's 1st Personalized House, By You :

HERITAGE RESIDENCE at Puri 11

Pertama di dunia, pembeli rumah bisa personalisasi fasad luar rumahnya dengan sangat mewah.

Lokasi super exclusive mudah dicapai melalui tol Kebon Jeruk, pintu tol : Karang Tengah.

▪︎Design rumah tropical resort
▪︎Super limited hanya 357 unit
▪︎Double Gate Way
▪︎Konsep cluster dengan ribuan pohon tropis
▪︎Sanitary all KOHLER
▪︎3 lantai, 4kt + 1 function room, 3 bath & maid room 
▪︎Private Sky Villa in all unit
▪︎Carpot 2 + 1
▪︎Canopy kaca di bawah & atas
▪︎Semi furnish : full kitchen cabinet + Modena & laminated wood parquette di semua room
▪︎Engraved smart door lock
▪︎Granite tile exclusive 80x80 / 60x120
▪︎Steril box Grab & Go Food
▪︎Jaringan fiber optic & listrik bawah tanah

Tipe :
1. THE 7 : 
▪︎tanah 7 x 12,55 (88m2)
▪︎bangunan besar 158m2
▪︎harga Rp 3,2M*

2. THE 7 CORNER :
▪︎tanah 9 x 12,55 (113m2)
▪︎bangunan besar 164m2
▪︎view 270 derajat
▪︎harga Rp 3,7M

3. THE 9 :
▪︎tanah 9 x 13,55 (122m2)
▪︎bangunan besar 220m2
▪︎double ceiling di ruang makan
▪︎harga Rp 4,5M*

4. THE 9 CORNER :
▪︎tanah 11 x 13,55 (149m2)
▪︎bangunan 225m2
▪︎double ceiling di ruang makan
▪︎view 270 derajat
▪︎harga Rp 4,9M*

*Harga cash termasuk PPN & belum termasuk diskon

Cara bayar :
▪︎cash & instal flat 12, 24, 36x
▪︎KPR 5%, 10%, 15%, 20% cicil 12x
▪︎KPR Express

Fasilitas :
▪︎Private Club House Ter-besar di Jakarta Barat & Karang Tengah, total luas 9.650m2
▪︎Joging dan bike area super besar dan panjang
▪︎Basket & Tenis court
▪︎Natural creek indah
▪︎Mini forest
▪︎Water Treatment Khusus

Raih sekarang NUP GOLD untuk pilih unit favorit, dapat harga awal, diskon besar & shopping voucher BoConcept. Pemilihan unit di 1 Mei 2021. 

HERITAGE RESIDENCE
Experience The Full Richness of Living at Puri 11."
5,04-01-2021,https://www.rumah.com/listing-properti/dijual-rumah-mewah-siap-huni-strategis-dekat-toll-jagakarsa-jakarta-selatan-oleh-nurul-fatekhah-18421775,2800000000,Jakarta ,120,180,4,3,1,1,2,0,2200,SHM,Rumah Mewah Siap Huni Strategis Dekat Toll Jagakarsa Jakarta Selatan,"10 Menit Menuju Toll Andara
FDL 2187RJ
Dijual cepat Rumah Mewah Siap Huni Lokasi Strategis Dekat Toll Jagakarsa Jaksel
Cluster dengan konsep One-Gate System (Security 24 jam)
Lokasi bebas banjir dan akses jalan mobil

Sale Point :
8 Menit ke RSUD Jagakarsa
10 Menit ke Toll Andara
15 Menit ke Toll Ampera
12 Menit ke Transmart Cilandak KKO
15 Menit ke Area CBD Simatupang
10 Menit ke Ragunan Zoo
20 Menit ke Highscope Indonesia School

Spesifikasi :
LT/LB : 120/180
KT/KM : 4+1/3+1
Lantai : 2
Air : Jetpump
Listrik : 2200watt
Tipe : Cluster
Status : Ready
Akses : 2 mobil
Surat : SHM, IMB
Hadap Rumah : Barat
Fasilitas Rumah : Carport, Instalasi AC, Instalasi Water Heater
Fasilitas Cluster : One gate System, Security 24H, CCTV.
Kondisi lingkungan : Bersih, Nyaman, Asri.
Row Cluster : 6m
Bisa Custom : tidak
Unit Tersedia : 2
Total Unit Keseluruhan : 12
Tahun Pembangunan : 2020

? Kenapa harus membeli rumah melalui Amanah Property :
– Legalitas rumah Lengkap dan Aman
– Kami Bantu KPR sampai dengan Akad
– Memiliki Tim Marketing Profesional yang tersertifikasi
– Memiliki Legalitas Resmi (CV)
– Menyediakan Interior berkualitas dengan harga terjangkau
– Menyediakan Konstruksi Bangunan Rumah dengan harga terjangkau
– Menyediakan taman, kanopi, pagar, teralis, dan kolam renang

Informasi dan Konsultasi
via Telpon WA untuk Fast Respon
Harap konfirmasi H-1 untuk jadwalkan survey ke lokasi

Jika berminat sebelum sold segera Booking
AMANAH PROPERTY
Agent Spesialis Jakarta Timur, Jakarta Selatan dan Depok"
6,04-01-2021,https://www.rumah.com/listing-properti/dijual-5-bedrooms-rumah-sunter-jakarta-utara-dki-jakarta-oleh-eric-tukunang-14368616,5900000000,Jakarta ,240,360,5,4,2,1,1,1,6600,SHM,"5 Bedrooms Rumah Sunter, Jakarta Utara, DKI Jakarta","Rumah Di Sunter Ukuran 12x20
Di Jual Rumah Sunter, LT 240 m2 (12x20), luas bangunan 360 m2, sertifikat hak milik, kamar tidur 5+2, kamar mandi 4+1, 2 lantai, garasi 1 mobil, carport 1 mobil, hadap selatan, listrik 6600 watt, air PAM, telepon 2 line, AC 6, harga Rp 6.500.000.000,-"
7,04-01-2021,https://www.rumah.com/listing-properti/dijual-cempaka-putih-ada-oleh-muji-asih-18418887,3700000000,Jakarta ,130,225,4,2,0,0,2,1,2200,SHM,Dijual rumah cluster mewah cempaka putih timur,"Dijual rumah cluster mewah cempaka putih timur
                                    Soft Launching ""

HADIR KEMBALI HUNIAN DI JAKARTA PUSAT

Banyaknya Permintaan Pembeli Tentang Rumah Yang Dapat memuat kamar lebih banyak terutama perumahan di Jakarta Pusat.

Maka kami Hadirkan Rumah dengan Luasan tanah dan bangunan yang cukup untuk sebuah keluarga dengan Rincian Sebagai Berikut :

- Kamar Tidur 4 Unit ( Kamar Tidur Utama1, 3 Kamar tidur anak.)

- Dapur

- Ruang tamu

- Kamar Mandi 2 unit

- Carport

- Taman



Rumah yang Ideal untuk sebuah keluarga. Tampilan Rumah Mewah dan Elegan.
 Didukung dengan spesifikasi bahan yang Bagus Kuat dan Tahan Lama.



Alamat Projec :

Jln Cempaka Putih Timur Kel Cempaka Putih Timur Kec Cempaka Putih Kota Jakarta Pusat

Akses 2 Mobil

LEGALITAS SERTIFIKAT HAK MILIK + IMB



Unit Terbatas !!!!

Hanya 2 Unit 

Siapa Cepat Dia Dapat



note : Dapat Rubah Tata Ruang karena Rumah Indent

Serah Terima Kunci 10 Bulan



Penjualan dalam jangka waktu 1 bulan Habis

Spesikasi Bahan dan Teknis :

Pondasi : Ceker Ayam ( Kekuatannya untuk 3 lantai )

Struktur beton bertulang

Pintu Kayu

Jendela Alumunium Fowder Coating 

Listrik 2200 watt

Plafond Hollow Gypsum

Closet Duduk American Standard

Rangka Atap Baja Ringan

Genteng Multi Roop

Air PDAM

Tersedia Instalasi AC

Lantai Granite 60 x 60"
8,04-01-2021,https://www.rumah.com/listing-properti/dijual-claster-town-house-10mnit-ke-mrt-lebak-bulus-p-lbu-oleh-fauzan-17198740,1200000000,Jakarta ,91,135,3,3,0,0,1,1,2200,SHM,Perumahan baru 10mnit ke mrt lebak bulus,"Perumahan baru 10mnit ke mrt lebak bulus
                                    perumahan baru TOWN HOUSE , pinggir jalan besar , 

Luas tanah ± 91M²

Luas bangunan ± 135M² 

Bangunan 2 lantai

Teras

Ruang tamu

Carport 1 mobil

Kamar tidur 3

Kamar mandi 3

Dapur

AC

Wifi 1 th

Listrik 2200

Ruang cuci jemur pakaian

Jalan bisa dilalui 2 mobil

Bebas banjir

Keamanan 24 jam

Sertifikasi SHM

____

Perumahan ini Berlokasi sangat strategis, karena: 

1. Hanya 2 km ke MRT lebak bulus, Point Square, Carefour Lebak bulus

2. Dekat dengan fasilitas pendidikan, seperti Lab school UMJ, sekolah 
Tinggi Ilmi ekonomi Ahmad Dahlan, Universitas Muhammadiyah Jakarta, 
Jakarta International School, BM 400 pondok indah dll.

3. Dekat fasilitas kesehatan, RS. Hermina, RS. Sari Asih, RS. Mayapada Lebak bulus dll.

4. dekat dengan sekolah ALPHARD



cara pembayaran :

- bisa kpr

- dp 0 %  

- bisa cash bertahap

- selisih KPR bisa di cicil 3 th
                                    "
9,04-01-2021,https://www.rumah.com/listing-properti/dijual-jagakarsa-town-house-oleh-arie-18374381,3200000000,Jakarta ,135,215,4,4,0,0,1,1,3500,SHM,Rumah baru Lux classik modern lokasi elite Jagakarsaa,"Rumah baru Lux classik modern lokasi elite Jagakarsaa
                                    Rumah Baru Lux klasik modern ( unit indent 8 bulan ada 3 unit rumah  Dalam Komplek DKI) 



Jagakarsa Jaksel 

Jln timbul blok H Jagakarsa Jaksel 

Akses 2mobil lebar



Luas tanah :135 meter 

Luas bangunan: 215M



( IDR  3,2 M /nego)



Kamar tidur 3+1

Kamar mandi 3+1

Dapur bersih + dapur kotor 

PRIVATE POOL

GARASI 1,Carpot 1

Lokasi strategi hanya beberapa meter ke jl raya

*LOKASI DEKAT KAMPUS  APP ,ISTN,PANCASILA

*LOKASI DEKAT SARANA UMUM 

*LOKASI DEKAT PINTU TOL ,kukusan ,brigib ,Desari 

*LOKASI DEKAT JL TB SIMATUPANG

*BEBAS BANJIR AMAN NYAMAN

*LOKASI SANGAT STRATEGIS

*LOKASI DEKAT DENGAN SARANA KESEHATAN

*Dekat ke kampus UI ,

*Dekat stasiun pancasila

*Dekat Cilandak kko
                                    "
10,04-01-2021,https://www.rumah.com/listing-properti/dijual-kedoya-baru-oleh-andre-tjhia-18026169,2500000000,Jakarta ,178,90,4,4,0,0,1,1,2200,SHM,"Andre Tjhia- Kedoya Baru dkt sunrise, puri indah, 3 lantai, murah","Andre Tjhia- Kedoya Baru dkt sunrise, puri indah, 3 lantai, murah
                                    Kode Listingan : RJ3113AT20        

( Mohon Sebutkan Kode Listing atau Capture iklannya)        

        

Luas Tanah                                  : 90 m² / 6x15

Luas Bangunan                          : 178 m² ( 3 lantai )

Luas Bangunan                          : 3+1

Kamar Mandi                              : 3+1

Sertifikat        : SHM

Hadap        : 

        

Jarang ada yang jual dan lokasi langka        

Akses tanah dekat dengan Pintu Masuk dan Keluar tol        

Sertifikat dan surat lain nya lengkap        

        

Andre Tjhia,  Andre Tjhia,  Andre Tjhia         

* Siap membantu Anda *        

        

Hub. ANDRE TJHIA (nego pemilik)        

0819 9523 5999 & 0812 817 2060
                                    "
11,04-01-2021,https://www.rumah.com/listing-properti/dijual-puri-mansion-oleh-andre-tjhia-17916617,3400000000,Jakarta ,120,160,5,4,0,0,1,1,2200,SHM,Puri Mansion,"Andre Tjhia- Puri Mansion depan taman dan kolam, Puri Indah Puri Media
                                    Kode Listingan : RJ2997AT20        

( Mohon Sebutkan Kode Listing atau Capture iklannya)        

        

Luas Tanah                                  : 120 m² / 8x15

Luas Bangunan                          : 160 m² (2 lantai)

Kamar Tidur                                : 4+1

Kamar Mandi                              : 3+1

Sertifikat        : SHM

Hadap        : Timur Utara

        

Jarang ada yang jual dan lokasi langka        

Akses tanah dekat dengan Pintu Masuk dan Keluar tol        

Sertifikat dan surat lain nya lengkap        

        

Andre Tjhia,  Andre Tjhia,  Andre Tjhia         

* Siap membantu Anda *        

        

Hub. ANDRE TJHIA (nego pemilik)        

0819 9523 5999 & 0812 817 2060
                                    "
12,04-01-2021,https://www.rumah.com/listing-properti/dijual-rumah-dalam-cluster-oleh-eva-tha-17701579,1900000000,Jakarta ,192,150,3,2,1,1,0,1,10000,SHM,Rumah dalam Cluster,"Dijual rumah dalam Cluster di Cibubur
                                    Dijual rumah dalam Cluster di Cibubur



Luas tanah 192m²

Luas bangunan 150m²

Bangunan 2 lantai 

Kamar tidur 3+1

Kamar mandi 2+1

Full AC 

Posisi Hook

SHM 

Rumah baru belum pernah di tempati 

Daya listrik 10rb 

Air tanah



Harga 1,9 M nego



*Lingkungan asri nyaman sejuk

*Keamanan One gate system

*4n4/RiaF
                                    "
13,04-01-2021,https://www.rumah.com/listing-properti/dijual-devandra-pro-rumah-baru-termurah-area-rawamangun-siap-huni-persiapan-lebaran-harga-nego-oleh-dodi-priyanto-18409911,2200000000,Jakarta ,114,105,4,3,0,0,1,0,4400,SHM,"Devandra Pro, Rumah Baru Termurah Area Rawamangun Siap Huni Persiapan Lebaran Harga Nego","Jual Cepat Rumah Baru Siap Huni Area Rawamangun Termurah Tanah Luas
Rumah Baru Termurah di Jalan C Perikani Cipinang Rawamangun Jakarta Timur hanya 2unit. Stok Limited

LT : 114m2
LB : 105m2
KT : 4
KM : 3
Listrik : 2200
Hadap : Utara

SellingPoint:
Radius 2KM ke jalan bypass
Radius 2KM ke Pintu tol Rawamangun (tol dalam kota)
Sekolah dalam radius 2KM: SMP SMA Labschool Rawamangun, UNJ, SDN IKIP, Al Azhar Rawamangun

Material
Pintu : Full JATI
Keramik : Granit 80x80
Dinding : hebel
Keramik kmr mandi : Full granit
Plafon : holow galvanish gypsum jayaboard
Genteng : flat beton Mutiara
Sanitary : closet Toto
Keran : Toto ina jaya
Aksesoris listrik : Nero
Kusen : alexindo 3""
Kunci : Paloma
Cat : Mowilex

Harga 2,2M nepis

Minat serius
Hub Dodi
0812-9404-7613
0815-8503-2651"
14,04-01-2021,https://www.rumah.com/listing-properti/dijual-bougenville-residence-oleh-eko-sunoto-susilotomo-18059068,642000000,Jakarta ,55,36,2,0,0,0,0,0,1300,SHM,Bougenville Residence,"Perum Syariah Lokasi Strategis Jakarta Timur Dekat Tol Dan Agrowisata
Insya Allah telah hadir perumahan dengan konsep Syariah Di Kota Jakarta Timur!

Apa Yang Membuat Kami Berbeda?

Insya Allah ini adalah Hunian dengan cara kepemilikan sesuai syariah Islam tanpa RIBA.

Tahukah Anda dosa riba itu?
“Riba memiliki 73 pintu. Dosa yang paling ringan adalah seperti dosa seseorang yang menzinahi ibu kandung sendiri”
-HR. Al-Hakim dan Al-Baihaqi-
Naudzubillah min dzalik.

Jika anda sungguh-sungguh ingin memiliki hunian yang 100% Syariah:
* Tanpa Riba
* Tanpa Sita
* Tanpa Akad Bathil
* Tanpa Denda
* Tanpa Penalti
* Tanpa BI Checking,
maka kini saatnya giliran Anda untuk memiliki hunian syariah di Bougenville Residence Cilangkap.

Perumahan dengan Konsep Syariah. Lokasi Strategis Dekat Gerbang Tol, Terminal, dan Taman Agrowisata. Lingkungan masih asri. Terdapat 35 unit rumah yang dipasarkan. Bisa customized layout dan type 2 lantai.


Fasilitas
✅ One Gate System,
✅ Security 24 jam

Keunggulan Lokasi
✅ ± 12 Menit Gerbang Tol Setu Cilangkap,
✅ ± 15 Menit Terminal Kampung Rambutan,
✅ ± 15 Menit Taman Mini Indonesia Indah,
✅ ± 3 Menit Taman Agro Wisata Cilangkap,
✅ ± 4 Menit Masjid Hijau Nurul Iman Cilangkap,
✅ ± 3 Menit Pom Bensin VIVO Cilangkap,
✅ ± 7 Menit MC Donald Cipayung,
✅ ± 2 Menit ke Balai Besar POM Jakarta,



Tersedia
Rumah type 36/50 s/d 36/80
Harga mulai Rp 600 jt-an

Pembayaran Cash dan KPR Syariah. (Cek Agen apakah Skema KPR masih berlaku)

Dahsyat Bukan?

Tertarik?
Penasaran?

Segera hubungi :
Kami"
15,04-01-2021,https://www.rumah.com/listing-properti/dijual-kafi-terrace-oleh-petty-feilnanti-17895054,5900000000,Jakarta ,350,278,3,0,0,0,2,0,2200,SHM,Kafi Terrace,"Jual Rumah Kafi Teras
Jual Rumah di Kafi teras
Sarana & Prasarana
Pendingin Ruangan
Balkon
Kamar Tidur
Furnitur Ruang Makan
Garasi
Furnitur Ruang Keluarga
Kolam Pribadi"
16,04-01-2021,https://www.rumah.com/listing-properti/dijual-cluster-setu-babakan-jagakarsa-oleh-asep-eri-saptari-17244871,1210000000,Jakarta ,87,90,3,0,0,0,1,0,2200,SHM,"Rumah MURAH Jagakarsa, FREE BIAYA BIAYA, CALL 0812-93734-4148. BEBAS BANJIR, BEBAS LONGSOR","Dekat Ke Akses Tol Cijago Dan Brigif, Parkir Luas 2 Mobil
CLUSTER SETU BABAKAN
Dijual Rumah di Cluster Exclusive & Limited Siap Bangun dgn Pemandangan Indahnya Danau & Hijaunya Pepohonan, Area Hijau Seluas 30 HA
Kenapa harus Memilih Rumah Dijual Marwah Regency ???
1. Security 24 Jam
2. Two Gate System
3. Akses 2 Mobil dgn Akses 3 Jalan yang mudah
4. Sarana Joging Track, Memancing & Bersepeda yg Luas Mengelilingi Danau yg Dikelilingi Pepohonan Hijau nan Indah Berseri (Ruang Terbuka Hijau yang Luas)
5. Lingkungan Aman Nyaman
6. Lokasi Super Strategis
10 Menit ke Tol Brigif - Andara & Tol Cijago
10 Menit ke Stasiun UP, Stasiun LA & St. UI
3 Menit ke Masjid Nurul Irfan, Kolam Renang
Batoe, Hall Badminton, Puskesmas Kelurahan & Sekolah Al Azhar Assyarif & Pom Bensin.
5 Menit ke ISTN, APP, STTL & Polsek Jagakarsa
6 Menit ke RS Andika, RS Sibroh
7 Menit ke Pasar Timbul & Puskesmas Kecamatan Jagakarsa.
Dan Masih Banyak Lagi Fasilitas Umum yg Terdekat.
Spesifikasi Bangunan ;
1. Pondasi Beton Bertulang
2. Dinding Bata Hebel
3. Kusen Alumunium
4. Daun Pintu Campert
5. Cat Luar : Dulux / setara
6. Cat Dalam : Dulux / Setara
7. Rangka Atap Baja Ringan
8. Genteng Beton Cisangkan / setara
9. Lantai Granite 60 X 60
10. Keramik Kamar Mandi Roman / setara
11. Closet TOTO / setara
12. Listrik 2200
13. Air Sumur Bor

BONUS :
1. Asuransi Rumah
2. CCTV Lingkungan
3. Internet Gratis
4. Torent
5. Kanopi
6. Kitchen Set

System Pembayaran :
- Cash Keras
- KPR Bank Syariah (BSM,BTNS,BNIS)
Pilihan Luas Bangunan Rumah Dijual:
Luas 45m2 (1 Lantai) & 90m2 (2 Lantai)
Pilihan Luas Tanah Kavling Rumah Dijual:
69m2/ 70m2/ 71m2/ 72m2/ 75m2/ 77m2/ 79 m2/ 80m2/ 82m2/ 87m2/ 88m2/ 93m2/ 95m2
Lebar Muka Kavling :
6,10 m2/ 6,50 m2/ 7,00 m2/ 7,75 m2/ 8,00 m2
- Tersedia Tanah Kavling Dijual saja dgn Harga 8,5jt/m2"
17,04-01-2021,https://www.rumah.com/listing-properti/dijual-metland-cyber-city-oleh-purwadi-18151755,1800000000,Jakarta ,72,70,3,2,0,0,1,0,,SHM,Metland Cyber City,"Rumah 2 Lantai Metland Puri Indah Harga 1.8M Harga Perdana
Dengan ini Metland Cyber City mempersembahkan :
*KAWASAN MODERN ""RUMAH dan RUKO TERBARU""

Lingkungan asri dan hijau dipenuhi dengan pohon taman cluster

Keunggulan Metland Cyber City :
- Kawasan di Boulevard Utama Row 24 Meter
- Suasana Kawasan Romantis
- Sports Club dan Kolam Renang
- 1 Car Port
- 2 Lantai, 3 Kamar Tidur, 2 Kamar Mandi (1 Kamar Mandi di tiap lantai)
- CCTV Kawasan
- Keamanan kawasan 24 jam
- RS Internasional Mandaya (Singapore)
- Toll Jagorawi Exit Karang Tengah

Ada 150 unit rumah dan 30 unit ruko:
Kisaran Harga:

150 Rumah:
- Lebar 6 x 12 = Rp 1.8
- Lebar 7 x 12 = Rp 2
- Lebar 8 x 12 = Rp 2.5

30 Ruko 3 lantai, ukuran 4.5 x 15 harga Rp 3.7 M

Hubungi: PURWADI
081517284575"
18,04-01-2021,https://www.rumah.com/listing-properti/dijual-dijual-cepat-rumah-second-clasik-oleh-ris-marlina-18016223,3500000000,Jakarta ,150,300,5,5,1,1,2,0,3500,SHM,Dijual cepat rumah second clasik,"Dijual Rumah Cepat Second Clasik Condet
Di jual rumah mewah Classik second 2 lantai di dalam cluster diperumahan callista regemcy .condet jaktim

Harga 3.5 M Nego
LT. 150
LB. 300
K.tidur 5 +1
K.mandi 5+1
Listrik 3500 watt
Air jet pump
Carport 2 Kramik Granit Semi furnish
Shm + imb Cash / kpr

Selling poin:
@ Akses 2 mobil
@Bebas banjir
@squrity 24 jam
@ CCTV
@ Dekat sarana pendidikan
@ Dekat akses toll

meetingpoin:
Yayasan Alkhairot"
19,04-01-2021,https://www.rumah.com/listing-properti/dijual-metland-cluster-oxalis-oleh-purwadi-18208811,900000000,Jakarta ,50,53,3,2,0,0,0,0,,SHM,Metland Cluster Oxalis,"Rumah 2 Lantai Metland Puri Indah Oxalis Harga Perdana
Perumahan Oxalis adalah Perumahan yang mempunyai sistem Cluster dan terletak didalam Kawasan Super Block Metland Puri.

Metland Puri merupakan Kawasan Super Block yang terletak di Samping Jakarta Barat dan Bersebelahan dengan Perumahan Green Lake City serta mempunyai Akses keluar Masuk Toll Karang Tengah (Jakarta-Tangerang-Jakarta).

Hubungi: PURWADI
081517284575"
20,04-01-2021,https://www.rumah.com/listing-properti/dijual-rumah-baru-inerbang-oleh-ris-marlina-17671519,785000000,Jakarta ,53,45,2,1,0,0,0,0,1300,SHM,RUMAH BARU INERBANG,"Di Jual Rumah Baru ( Indent ) Di Inerbang Kramat Jati
Di jual rumah inden 1 lantai daerah kramatjati condet jaktim.
Sisa 3 unit, free biaya surat "" kecuali pajak pembeli Air jet pump, Surat SHM + IMB , Bisa Cash / KPR Bank BSM
Selling poin :
@ dekat sarana pendidikan TK. SD.SMP dan SMA
@ dekat halte buswey TMII
@ dekat universitas
@ dekat pintu toll TMMI dan toll Tb simatupang
@ bebas banjir
@ akses 1 mobil ket 50 meter ke jln raya
- Metting poin Alfamidi jln impres 1"
21,04-01-2021,https://www.rumah.com/listing-properti/dijual-dijual-cepat-rumah-bagus-2-lantai-di-kelapa-gading-dlm-kompleks-ekslusif-dekat-penabur-oleh-adhitya-17943018,6300000000,Jakarta ,187,300,5,4,0,0,0,0,7700,SHM,Dijual Cepat! Rumah Bagus 2 lantai di Kelapa Gading dlm kompleks ekslusif dekat penabur,"Rumah Minimalis 2 Lantai Di Kompleks Ekslusif Dekat Penagur Dan Mkg
Dijual Cepat!
Rumah Bagus 2 lantai di Kelapa Gading
dlm kompleks ekslusif
dekat penabur

dilengkapi dengan 5 kamar tidur
ukuran 11x17m"
22,04-01-2021,https://www.rumah.com/listing-properti/dijual-rumah-concerto-golf-island-pik-pantai-indah-kapuk-jakarta-utara-oleh-jimmy-16644603,3600000000,Jakarta ,120,200,3,3,0,0,1,0,4400,SHGB,Rumah concerto golf island pik pantai indah kapuk Jakarta Utara,"Dijual Cepat Rumah Concerto Golf Island Pik Pantai Indah Kapuk Jakarta
Dijual CEPAT Rumah concerto golf island pik pantai indah kapuk Jakarta Utara
Ukuran 8x15
2 lantai
3kt dan 3km
Lantai marmer
Rumah baru serah terima kunci

Loh Jimmy
0817774656
08999166619
087889894655

Contractor (terima renovasi bangun rumah ruko gudang dll)
Interior design, cctv, kanopi"
23,04-01-2021,https://www.rumah.com/listing-properti/dijual-dijual-cepat-rumah-bagus-2-lantai-di-muara-karang-blok-9-lok-favorit-dkt-tol-oleh-adhitya-17889056,4500000000,Jakarta ,160,250,3,3,0,0,1,0,3500,SHM,"Dijual Cepat! Rumah bagus 2 lantai di muara karang blok 9, lok favorit, dkt tol","Rumah Bagus 2 Lantai Di Muara Karang Blok 9, Lok Favorit, Dkt Tol
Dijual Cepat!
Rumah 2 lantai
di Muara Karang Blok 9
Blok Favorit
jalan lebar

dekat taman, lingkungan tenang dan nyaman

lokasi strategis
dekat akses tol

bebas banjir

ukuran 8x20m
sudah full renovasi
sudah baja ringan
ada 3 kamar tidur"
24,04-01-2021,https://www.rumah.com/listing-properti/dijual-pantai-mutiara-oleh-adhitya-18388372,20000000000,Jakarta ,576,800,4,6,0,0,0,0,10600,HGB,pantai mutiara,"Rumah Bagus 2 Lantai Di Pantai Mutiara Lingkungan Tenang Dekat Taman
Dijual Cepat!
Rumah 2 lantai di Pantai Mutiara
lingkungan tenang dan nyaman

luas 576m2
luas bangunan 800m2

dilengkapi dengan 4 kamar tidur
kondisi furnished

harga negotiable

utk info lanjut, hub:
Gou Adhitya
Ray White Tomang

Mau properti Anda terjual juga?
Kami siap bantu!"
25,04-01-2021,https://www.rumah.com/listing-properti/dijual-jual-murah-rumah-mewah-di-jalan-thamrin-jakarta-pusat-oleh-susanty-bachtiar-17721881,96000000000,Jakarta ,700,2000,1,8,0,0,9,1,66000,SHM,Jual Murah Rumah Mewah di Jalan Thamrin Jakarta Pusat,"Lokasi Dekat Perkantoran Sangat Strategis, Aman Dan Nyaman.
Rumah dekat dengan perkantoran, berjarak 100m dari station MRT dukuh Atas, berjarak 200m dari station BNI sudirman, berjarak 100m dari jalan Thamrin. Rumah bisa di bangun untuk 7 lantai. Lokasi sangat bagus ditengah pusat kota Jakarta."
26,04-01-2021,https://www.rumah.com/listing-properti/dijual-6-bedrooms-rumah-menteng-jakarta-pusat-dki-jakarta-oleh-ali-12832331,15000000000,Jakarta ,276,260,6,4,0,0,2,1,8000,SHM,"6 Bedrooms Rumah Menteng, Jakarta Pusat, DKI Jakarta","Rumah Lokasi Strategis Di Menteng, Jakarta Pusat
Dijual rumah di Pegangsaan, Menteng, Jakarta Pusat.
SHM, IMB, 1.5 lantai, LT 276m2/LB 260m2.
6+1 KT, 4 KM, taman, garasi 1 mobil, carport 2 mobil.
Harga Rp. 15.000.000.000,- Nego

Peminat serius, hubungi: ALI
081296290750
WA 087781545288
Untuk survey, harap konfirmasi terlebih dulu."
27,04-01-2021,https://www.rumah.com/listing-properti/dijual-cluster-3-lantai-full-furnish-akses-jalan-2-mobil-terbukti-bebas-banjir-oleh-dhea-ananda-18220429,2200000000,Jakarta ,170,170,4,4,0,0,2,0,3500,SHM,"CLUSTER 3 Lantai Full Furnish, Akses Jalan 2 Mobil, Terbukti Bebas Banjir","Desain Dan Layout Rumah Bisa Custom Sesuai Keinginan, Bisa KPR Syariah
Cluster Minimalis 3 Lantai di Rawamangun Jakarta Timur
Desain Modern Masa Kini
Bisa Request Full Furnish
Dan Banyak bonus lainnya
Keamanan Terjamin Dengan One Gate System,
Lokasi Strategis Dekat Dengan Tol Dan Pusat Niaga,
Unit Terbatas Hanya 7 Unit (sisa 5 Unit)

BONUS !!
Instalasi AC 3 Unit
Water Heater 2 Unit
Free 1 Year IPL

Lokasi Terbaik :
- 5 menit Halte busway imigrasi jakarta timur
- 7 menit ke Stasiun Jatinegara
- 10 menit ke Tip Top
- 10 menit ke Mall Arion
- Dekat Tol Rawamangun & LRT Veloodrome
- Dekat RS Persahabatan
- Dekat Sekolah Al Azhar, Tarakanita, Lab School
- Dekat Golf Rawamangun, Veloodrome

Ada 2 Type yg Tersedia
Blok ABC :
LT 74 / LB 150
K. Tidur 3 + 1
K. Mandi 3 + 1
Harga Rp 2.3,- M

Blok DE :
LT 78 / LB 170
K. Tidur 3 + 1
K. Mandi 3 + 1
Harga Rp 2.4,- M

Cara Bayar :
Cash
Cash Bertahap 8 bln
KPR Min Dp.20% BTN & BSI (Bank Syariah Indonesia)
Booking Fee 25 jt
Info Lengkap Call/WA fast respon 081289299785 (Dhea)
WATER HEATER"
28,04-01-2021,https://www.rumah.com/listing-properti/dijual-dijual-rumah-murah-cantik-minimalis-400-jutaan-shm-di-cempaka-putih-jakarta-pusat-oleh-felicia-wijaya-18311164,495000000,Jakarta ,20,35,2,1,0,0,0,0,2200,SHM,Dijual Rumah Murah Cantik Minimalis 400 Jutaan SHM di Cempaka Putih Jakarta Pusat,"Hunian Nyaman Minimalis Di Cempaka Putih Timur Jakarta Pusat
Townhouse Cempaka Putih Timur

Rumah baru 2 lantai konsep Modern Townhouse lokasi sangat strategis di Jakarta Pusat dekat dengan area bisnis, akses transportasi sangat mudah. Pilihan tepat untuk rumah tinggal di pusat kota Jakarta dengan harga terjangkau dan akses tak terbatas, atau sebagai investasi anda yang sangat menguntungkan di masa depan.

UNIT TERBATAS!! Boleh request ubah tata ruang.

Start Price : Rp 495 Juta s/d 575 Juta
Payment Metode : Cash Bertahap & KPR
Surat Kepemilikan: SHM
Booking Fee : Rp 10 Juta

Luas Tanah & Bangunan :
Luas tanah 20 m2 s/d 24 m2
Luas bangunan 35 m2 s/d 38 m2

Spesifikasi:
 2 Lantai
 2 Kamar tidur
 1 Kamar mandi
 1 Ruang keluarga
 1 Dapur
 Dinding hebel double
 Pondasi plat beton
 Lantai granit 60x60
 Rangka atap baja ringan
 Plafon gypsum
 Jendela aluminium
 Genteng metal multiroof
 Closet duduk
 Keran + shower 1 line
 Wastafel
 Exhaust fan
 Glass box + Looster
 Instalasi water heater
 Instalasi AC
 Listrik 2200 watt
 Air PDAM + pompa

Tersedia project strategis lainnya :
- Cempaka Putih Timur, Jakpus
(Harga mulai Rp 1.5 Milyar)
ADA Carport

- Gudang Peluru Tebet, Jaksel
(Harga mulai Rp 1.1 Milyar)
ADA Carport

- Rawa Tengah, Jakpus
(Harga mulai Rp 300 jtan)
Tanpa Carport

- Kepu 6, Jakpus
(Harga mulai Rp 400 jtan)
Tanpa Carport

- Kepu Dalam 7, Jakpus
(Harga mulai Rp 400 jtan).
Tanpa Carport

- Cempaka Putih Timur MHT, Jakpus
(Harga mulai Rp 400 jtan)
Tanpa Carport

- Utan Kayu, Jaktim
(Harga mulai Rp 295 jtn)
Tanpa Carport

- Johar 6, Jakpus
(Harga mulai Rp 600 jtan)
ADA Carport

- Kayumanis Pramuka, Jaktim
(Harga mulai Rp 500 jtan)
ADA Carport

- Cempaka Putih Barat, Jakpus
(Harga mulai Rp 600 jtan)
ADA Carport

- Percetakan Negara, Jakpus
(Harga mulai Rp 600 jtan)
ADA Carport

# READY 1 unit SIAP HUNI :
- Cikini Menteng, Jakpus
(Harga Rp 1.78 Milyar)
ADA Carport


More Info (WA/Call) :
FELICIA
0812-1000-8972"
29,04-01-2021,https://www.rumah.com/listing-properti/dijual-rumah-cantik-harga-murah-di-condet-oleh-nanik-yulia-ariani-17099768,2250000000,Jakarta ,231,200,4,3,0,0,3,0,4400,SHM,Rumah Cantik Harga Murah di Condet,"Siap Huni Cantik Ada Cctv Dan Ruang Kedap Suara
Rumah 1 lantai rangka atap baja ringan
Ada kompor tanam
Kitchen Set bahan pilihan
Ada mini bar
Dapur bersih dan dapur kotor
Kokoh
Ruangan Kedap suara
Ada CCTV
Water heater sollarhart"
30,04-01-2021,https://www.rumah.com/listing-properti/dijual-jual-cepat-rumah-siap-huni-pulomas-oleh-sukhawati-17747012,3500000000,Jakarta ,160,250,4,3,0,0,2,0,3500,SHM,jual cepat rumah siap huni pulomas,"Rumah Dijual Pulomas Murah
- Kondisi rumah masih sangat bagus
- hanya 5 menit menuju pintu tol dalam kota
- dekat dengan sekolah seperti donbosco, tugasku, global sevila, smp99, smun21,dll"
31,04-01-2021,https://www.rumah.com/listing-properti/dijual-lumihous-fully-furnish-kota-wisata-cibubur-oleh-muhammad-zen-17967546,880000000,Jakarta ,70,57,3,2,0,0,2,0,2200,SHM,Lumihous Fully Furnish Kota Wisata Cibubur,"Lumihous Kota Wisata Cibubur Smart Home
Pertama di Cibubur untuk yang Muda dan berJiwa Muda, dengan 3 KT + 2 KM + 1 Productive Space, dilengkapi dengan berbagai Signature Features seperti :

Signature Concepts :
• Free Full Furnished
• Compact yet Modern Style
• Glass Wall Living Room
• Smart Furniture
• Smart Home System

Signature Facilities :
• Green Wall Lounge
• 5 Rumah Sakit
• 6 Mall
• 5 Sekolah berstandard Nasional & Internasional
• Commercial Area (Supermarket, Fresh Market, Pertokoan)
• Sarana Olahraga, Rekreasi dan masih banyak lagi

Signature Location & Access :
• 2 Menit ke Gerbang Tol Cimaci - Kota Wisata (In & Out)
• 1 Menit ke Jalan Alternatif Transyogi
• 10 Menit ke Tol Jagorawi & LRT


Specification:
Building Size : 0m2
Land Size : 60m2


Other Facilities:
Built-In Wardrobes,Close to Schools,Close to Shops,Close to Transport,Garden"
32,04-01-2021,https://www.rumah.com/listing-properti/dijual-rumah-siap-huni-model-minimalis-semi-furnished-oleh-bahar-mualim-18167490,3700000000,Jakarta ,195,250,4,4,0,0,1,0,4400,SHM,Rumah Siap Huni model Minimalis semi furnished,"Rumah Mewah Cantik Siap Huni Murah
Rumah minimalis siap huni desain minimalis dijual cepat. DIJAMIN SUKA
Lokasi dijamin bebas banjir.

Rumah dibangun tahun 2017 dan ditempati tahun 2018 tapi masih seperti baru."
33,04-01-2021,https://www.rumah.com/listing-properti/dijual-kebayoran-lama-oleh-syamsudin-18319812,8800000000,Jakarta ,230,650,6,5,0,0,2,1,7700,SHM,Kebayoran lama,"Rumah 3lantai Kebayoran Lama
Bismilahirrahmanirrahiim...

Dijual Cepat Rumah 3 lantai
didaerah kebayoran lama dekat permata hijau

Spesifikasi:

Luas tanah : 230 m2
Luas bangunan : 650 m2
Ada 4 kmr tidur +2
Ada 3 kmr mndi + 2
Full CCTV
7 mobil di garasi
2 mobil di car port
Kolam Renang
Listrik 7700 x 2
Semi furnished
Air pam dan air tanah
SHM
Harga :8,8 M nego

Lokasi strategis
5 menit ke plaza senayan
5 menit ke Senayan City
10 menit ke Gandaria City

More info hub :
Ncang Didin"
34,04-01-2021,https://www.rumah.com/listing-properti/dijual-pejaten-barat-oleh-syamsudin-18412376,6300000000,Jakarta ,276,330,5,5,0,0,1,1,3500,SHM,Pejaten barat,"New Cluster Pejaten
Sisa 3 unit lagi

Dijual Rumah baru siap huni dalam cluster dikawasan Pejaten Barat, Jakarta Selatan

1 unit
Bangunan 3 lantai
Luas tanah 276 meter
Luas bangunan 330 meter
KT 4+1
KM 4+1
Service area
Garasi + carport
Ruang tamu & keluarga
Taman belakang
SHM / IMB / PBB
Harga 6,9 milyar nego

2 unit
Luas tanah 235 meter
Luas bangunan 330 meter
KT 4+1
KM 4+1
Service area
Garasi + carport
Ruang tamu & keluarga
Taman belakang
SHM / IMB / PBB

Harga 6,3 Milyar_Nego

Hub
Syamsudin"
35,04-01-2021,https://www.rumah.com/listing-properti/dijual-bumi-bintaro-permai-oleh-syamsudin-18412300,3600000000,Jakarta ,245,184,5,4,0,0,2,1,2200,SHM,Bumi Bintaro Permai,"Rumah Secondary Bintaro Jaksel
Rumah dijual Cepat
Hunian dlm perumahan 
Jakarta selatan 
Pesanggrahan Bintaro 
Veteran Bintaro tanah kusir Petukangan 

Bangunan sangat kokoh 

Spesifikasi : 
Luas tanah : 245
Luas bangunan : 184
Kamar tidur : 4+1
Kamar mandi : 3+1

Master badroom lantai atas 
Kmr tdr pembantu : 1
Kmr mandi pembantu : 1
Gudang: 1
Dapur bersih dan dapur kotor
Service area cuci jemur cukup luas 
Air : Tanah
Garasi : 1
Carpot : 2

Hadap Timur

Dokumen surat 
SHM IMB PBB 

IDR 3,6milyard nego

Lokasi 
Jalan depan komplek perumahan cukup luas
Lingkungan asri
Security 24 Jam 
Akses gate 1 pintu

Toll JORR Bintaro bsd Serpong 5 menit 
Toll JORR Bintaro veteran
5 menit 
Toll JORR m Saidi raya Ciledug bandara Soeta 
6-7 menit

Hub
Syamsudin"
36,04-01-2021,https://www.rumah.com/listing-properti/dijual-jakarta-selatan-oleh-syamsudin-18406548,19000000000,Jakarta ,883,428,7,5,0,0,3,1,3500,SHM,Jakarta selatan,"Luxury Huose Fatmawati ( Swimming Pooll)
"
37,04-01-2021,https://www.rumah.com/listing-properti/dijual-rumah-di-jual-pondok-aren-tangerang-selatan-oleh-reuchman-18180873,1200000000,Jakarta ,83,95,3,3,0,0,1,0,2200,SHM,RUMAH DI JUAL PONDOK AREN TANGERANG SELATAN,"Cluster Kawasan Bintaro Kampus Stan,Bebas Banjir
Cluster Ekslusif 2 Lantai *Ready*, Aman dan nyaman dan Ramah lingkungan....

Spesifikasi :
TIPE 2 LANTAY
LT. 80m²
LB. 75m² ( actualnya kurleb100m² )
3 kamar tidur
2+1 kamar mandi
Carport
Mini Garden
listrik 2200 Watt
Bonus : Kanopi
*Harga : 1,2M*



Acces point
- 10 menit ke stasiun jurang Mangu xchange, dan pondok Ranji
- 10 menit ke sekolah Al Azhar
- 5 menit ke kampus Stan Bintaro
- 10 menit ke RS premier Bintaro
- 7 menit ke pasar tradisional ceger
- 10 menit ke tol jor pondok aren serta dekat dgn fasilitas""komersil lain nya.

Lokasi ; pondok aren jurang mangu timur tangerang selatana"
38,04-01-2021,https://www.rumah.com/listing-properti/dijual-rumah-nirmala-cengkareng-oleh-asun-ang-149299433,1750000000,Jakarta ,74,132,3,3,0,0,1,0,2200,Strata,Rumah Nirmala Cengkareng,"Dijual Rumah Nirmala Sumur Bor Cengkareng
dijual Rumah Nirmala sumur bor Cengkareng
lokasi ramai cocok untuk rumah tinggal + usaha laundry,aksesories motor dsb"
39,04-01-2021,https://www.rumah.com/listing-properti/dijual-rumah-jelambar-barat-oleh-asun-ang-14988632,2500000000,Jakarta ,90,170,2,2,0,0,0,0,3500,SHM,Rumah Jelambar barat,"Dijual Rumah Jelambar Barat
dijual Rumah Jelambar barat cocok untuk rumah tinggal,kost2an,konveksi dan lain2"
40,04-01-2021,https://www.rumah.com/listing-properti/dijual-greencourt-cengkareng-oleh-asun-ang-15869795,2000000000,Jakarta ,90,145,3,1,0,0,2,0,2200,SHGB,GreenCourt cengkareng,"Dijual Rumah Siap Huni Di GreenCourt Cengkareng
dijual Rumah Siap Huni di GreenCourt cengkareng, lokasi dekat sekolah Cinta Kasih Tzu Chi , Pah tsung,SMA Duta Bangsa,RSUD Cengkareng,Tol Jorr"
41,04-02-2021,https://www.rumah.com/listing-properti/dijual-perumahan-kota-wisata-oleh-regina-laminewah-18171675,900000000,Jakarta ,105,80,3,2,0,0,1,0,2200,SHM,Perumahan Kota Wisata,"Di Jual Cepat, Strategis, Harga Bawah Pasar, Dekat Mal, Exit Tol.
                                    Siap Huni, Dalam Cluster, Keamanan 
24 Jam, Dekat Slawayan, Freshmarket, Kuliner, Rumahsakit, Sekolah, Rumah
 Ibadah, Mal.

OTHER CONTACT : 081316383840"
42,04-02-2021,https://www.rumah.com/listing-properti/dijual-perumahan-kota-wisata-oleh-regina-laminewah-18179070,1600000000,Jakarta ,136,100,3,2,0,0,1,0,2200,SHM,Perumahan Kota Wisata,"Di Jual Cepat, Strategis, Kondisi Bagus, Lingkungan Nyaman dan Aman.
                                    Siap Huni, Dalam Cluster, Dekat 
Minimarket, Freshmarket, Swalayan, Hero, Burger King, Starbuck, Kuliner,
 Sekolah, Taman.

OTHER CONTACT : 081316383840
                                    "
43,04-02-2021,https://www.rumah.com/listing-properti/dijual-kemang-raya-jakarta-selatan-oleh-nurhidayat-17351373,55000000000,Jakarta ,1500,1200,6,6,3,1,8,2,7700,SHM,Kemang raya Jakarta selatan,"Rumah Mewah Kemang Jakarta Selatan
                                    FLASH SALE.... Hunian Luxury 
American Classic @Kemang, Jakarta Selatan.  Dengan Area yamg sangat 
Strategis Juga Asri & Nyaman.



________________________ .

Luas tanah 1500m2

Luas bangunan 1200m2

6+3 Kamar Tidur

6+1 Kamar Mandi

Legalitas : SHM / IMB



________________________



Fasilitas :

• Ruang Fitness

• Ruang Kerja

• Taman Belakang

• Kolam Renang

• Kolam ikan

• Teras Belakang

• 8+2 Carport & Garasi

• BEBAS BANJIR



________________________ .

Open Price 55 M / Negotiable 

________________________ .



More Information :)Call / Wa. 0896.5873.6056

Click And Follow ig @noor_propertindo"
44,04-02-2021,https://www.rumah.com/listing-properti/dijual-rumah-siap-huni-jual-cepat-di-puri-indah-kembangan-jakarta-barat-oleh-anda-18371172,2750000000,Jakarta ,120,140,3,2,0,1,0,0,2200,SHM,Rumah Siap Huni Jual Cepat di Puri Indah Kembangan Jakarta Barat,"Rumah Jual Cepat Siap Huni di Komplek Puri Indah Kembangan Jakarta Barat



Lokasi Komplek dekat dengan Fave Hotel.

Rumah 2 lantai

L.Tanah 120 m2  ( 8 x 15 )

L.Bangunan 140 m2 

K.Tidur 3

K.mandi 2+1

Air PAM dan Tanah

SHM

Harga 2,750 M nego

Bisa Cash dan KPR ( siap bantu)



Info dan Survey Lokasi :

ANDA

082113000831"
45,04-02-2021,https://www.rumah.com/listing-properti/dijual-edenhaus-simatupang-oleh-suharjo-16478707,6783000000,Jakarta ,240,222,4,4,0,0,2,0,6600,SHM,Edenhaus Simatupang,"Dijual rumah edenhaus Simatupang Cluster within cluster seluas 2 Ha
                                    Limited stock Available 41 Unit

tipe Boulevard uk 250/222 Sqm

tipe Standard  uk. 240/222 Sqm

tipe Khusus ( Hook )

Central park 2200 meter, Row jalan 10 meter

Green area 65 %,  Design Elegan , Modern dan Mewah

Lokasi Strategis  dekat pintu tol Simatupang

Double security Gate dengan smart card khusus penghuni

Smart home system and CCTV 24 Jam

Serah terima 12 bulan"
46,04-02-2021,https://www.rumah.com/listing-properti/dijual-dijual-cepat-rumah-siap-huni-di-graha-raya-bintaro-oleh-anda-17985684,1495000000,Jakarta ,124,160,4,2,1,1,2,0,2200,SHM,Dijual Cepat Rumah Siap Huni Di Graha Raya Bintaro,"Dijual Cepat Rumah Siap Huni di Graha Raya Bintaro



Rumah 1,5 lantai

Luas tanah 124 m2

Luas Bangunan 160 m2

Kamar tidur 4+1

Kamar mandi 2+1

Listrik 2200 Watt

Carport 2 mobil

Jetpump

Kitchen Set, Gudang, Ruang cuci jemur

SHM



Harga 1,495,000,000  Nego

Bisa Cash atau KPR ( dibantu full )



Selling Point :

- Cluster 

- One Gate System

- Bebas banjir

- Dekat Graha Raya Club House

- Trans Mart, Giant, Super Indo, Mc Donald, Retail Market, Restaurant, 
Alfamart, IndoMaret, Pasar Modern - Klinik kesehatan, Klinik BPJS, 
Family Sport Club, Pompa Bensin, Pencucian mobil

- 10 menit dari Exit Tol Alam Sutera & IKEA

- Akses tol JORR W2N langsung ke Bandara dan pusat kota Jakarta

- Jalan Utama Bintaro-Graha Raya

- Shuttle Bus Graha Raya- Sudirman- Graha Raya

- Glad Bus Route: Graha Raya-Bintaro Exchange-Fatmawati-Lebak Bulus



Info lebih lanjut dan survey lokasi

ANDAYANI - wa 082113000831

Eagle Tree Property"
47,04-02-2021,https://www.rumah.com/listing-properti/dijual-jual-cepat-murah-rumah-mewah-siap-huni-di-pondok-indah-oleh-fathia-thalib-s-i-kom-18426152,10000000000,Jakarta ,238,157,3,3,1,1,3,1,13200,SHM,Jual Cepat Murah Rumah Mewah Siap Huni Di Pondok Indah,"Lokasi Strategis Selangkah ke PIM dan Tempat Sarana Umum Lainnya
                                    Spesifikasi :

Rumah 2 Lantai

LT : 238

LB : 157

KT : 3+1

KM : 3+1

Listrik 13200 Watt

Garasi + Carport 3 Mobil

Hadap Timur

Posisi Hook



Kondisi Tersewa s/d Juni 2021

Harga Sewa 180 jt/thn



*Open Price 10 M nego*



Dapatkan Best Deal dan Hadiah Menarik Dengan Menghubungi :

08118779900

*Fathia Thalib S.I.Kom*

PT. Arbie Propertindo Konsultan"
48,04-02-2021,https://www.rumah.com/listing-properti/dijual-rumah-minimalis-2-lantai-siap-huni-di-graha-raya-bintaro-oleh-anda-18407014,1400000000,Jakarta ,72,86,3,2,0,0,1,0,2200,SHM,Rumah minimalis 2 lantai siap huni di graha raya bintaro,"Rumah minimalis 2 lantai siap huni di graha raya bintaro
                                    Dijual Cepat Rumah Minimalis Siap Huni di Graha Raya Bintaro



Bangunan 2 lantai

Luas tanah 72 m2

Luas Bangunan 86 m2

Kamar tidur 3

Kamar mandi 2

Listrik 2200 Watt

Carport 1 mobil

Hadap Utara

SHM



Harga 1,4 M Nego

Bisa Cash atau KPR ( dibantu full )



Selling Point :

- Cluster 

- One Gate System

- Bebas banjir

- Dekat Graha Raya Club House

- Trans Mart, Giant, Super Indo, Mc Donald, Retail Market, Restaurant, 
Alfamart, IndoMaret, Pasar Modern - Klinik kesehatan, Klinik BPJS, 
Family Sport Club, Pompa Bensin, Pencucian mobil

- 10 menit dari Exit Tol Alam Sutera & IKEA

- Akses tol JORR W2N langsung ke Bandara dan pusat kota Jakarta

- Jalan Utama Bintaro-Graha Raya

- Shuttle Bus Graha Raya- Sudirman- Graha Raya

- Glad Bus Route: Graha Raya-Bintaro Exchange-Fatmawati-Lebak Bulus



Info dan Survey 

ANDAYANI 

082113000831"
49,04-02-2021,https://www.rumah.com/listing-properti/dijual-townhouse-cipete-lokasi-strategis-oleh-dian-fitria-18095979,5700000000,Jakarta ,154,300,4,4,1,1,1,1,7700,SHM,Townhouse Cipete Lokasi Strategis,"Townhouse Cipete Lokasi Strategis
                                    Rumah 3lt dalam townhouse di Cipete

LT 154m LB 300m

4+1 KT 4+1 KM

1 Garasi 1 Carport 

Swimming Pool

Sertifikat SHM

Lokasi strategis dekat pusat kuliner Cipete Raya

Akses Stasiun MRT Cipete, flyover Antasari dan tol JORR

Harga 5,7M nego"
50,04-02-2021,https://www.rumah.com/listing-properti/dijual-2-bedrooms-rumah-pasar-rebo-jakarta-timur-dki-jakarta-oleh-graha-satria-pratama-18411917,900000000,Jakarta ,43,49,2,1,0,0,1,0,1300,SHM,"2 Bedrooms Rumah Pasar Rebo, Jakarta Timur, DKI Jakarta","Perumahan D'Puspita Residence 6 Jakarta Timur
                                    Bismillahirrohmanirrohim



Kabar Gembira...Kabar Gembira...Kabar Gembira



Now Coming Soon Di Timur Jakarta



Untuk Anda home Hunter



Rumah minimalis berkualitas dan elegan



Dengan konsep SMART HOME 

"" Control Lampu, AC, TV dan CCTV by Aplikasi smartphone 



Type mezzanin (1 ½ lantai)

Harga  mulai 800jt an



SHM



Hanya di D'Puspita Residence 6.

Jl. Raya bogo Kalisari - Pekayon Pasar Rebo jakarta Timur



Merupakan hunian modern dengan lokasi super strategis, 

hanya 30 meter dari jalur angkot pekayon - kalisari

Dan 300 meter dari Jl. Raya Bogor Jakarta Timur.



Akses sangat mudah menjangkau ke semua tempat karena berada di tengah Kota Jakarta.



Lokasi Strategis Dekat Kemana - mana :

- 30 meter ke Jl. Kalisari

- 300 meter ke Jl Raya Bogor

- 400 meter ke Lap. Tembak Ciracas

- 500 meter ke Titanium Square / Superindo

- 2,5 km ke GOR Ciracas

- 5 km ke Gerbang Tol Gedong 1

- 4 km ke mall Graha Cijantung

- 8 km ke obyek wisata TMII

-  7,1 km ke BUPERTA Cibubur

- 200 meter ke SMU Budhi Warman 2

- 2 km Jakarta Islamic School PKP

- 8 km St. KAI Pondok Cina UI

- 5 Km universitas Gunadarma

- 4,1 km ke RSUD Pasar Rebo

Dan masih Dikelilingi Fasilitas Pendikian

dan Rumah Sakit lainnya



Segera kunjungi lokasi kami.

Unit terbatas.!!



D'Puspita 6 Residence kalisari.

"" SMART HOME FOR SMART HUMAN LIVING""



Wa.me/6281282227182



#kavlingsyariahmurah #propertisyariah #investasiproperti #kavlingjakarta
 #kavlingrumah #rumahbaru #perumahan #jualtanahmurah #investasikavling 
#jakarta #kavlingstrategis #infoproperti #realestate #jual #dijual 
#tanpadenda #kavlingmurahjakarta #kavlingjakarta #rumahmodern 
#propertimurah #tanpasita #jualtanahkavling #syariah #perumahansyariah 
#tanpabichecking #rumahmewah #kprsyariah"
51,04-02-2021,https://www.rumah.com/listing-properti/dijual-jl-johar-baru-jakarta-pusat-johar-baru-dki-jakarta-oleh-jajang-subana-18423318,795000000,Jakarta ,25,50,2,1,0,0,1,0,2200,SHM,"Jl johar baru jakarta pusat johar baru, , DKI JAKARTA","Cluster mandala johar baru
                                    Deskripsi

Rumah Minimalis Modern Harga Murah Di Jakarta Pusat

Promo Discount Akhir Tahun !



Dapatkan Promo Discount Akhir Tahun Hanya di CLUSTER MANDALA JOHAR BARU !



WAKTU PROMO TERBATAS



CLUSTER MANDALA hunian di tengah tengah rumah penduduk menganut system gate ( 1 Pintu ).



Tampilan Rumah Mewah dan Elegan, Lebar jalan dalam Cluster 5 meter cukup untuk masuk 2 mobil.



Spesikasi Cluster Mandala :

Luas tanah mulai dari 21 m2

luas bangunan mulai dari 42 m2

Kamar tidur 2 unit

Kamar mandi 1 unit

dapur

Carport

Harga Mulai dari 680 juta



DISCOUNT AKHIR TAHUN 5 % + 5 %



On Progress



Alamat :

Jln Johar Baru Utara Kel Johar Baru Kec Johar Baru Jakarta Pusat ( Akses Masuk 2 Mobil )

Dekat dengan Kantor Kecamatan Johar Baru

Dekat dengan Pd Pasar Jaya Johar Baru



Spesifikasi Teknis :

1. Pondasi Ceker Ayam ( Kekuatan Untuk 3 Lantai )

2. Lantai Granite ukuran 60 cm x 60 cm

3. Pintu Kayu

4. Jendela Alumunium Fowder Coating + kaca

5. Listrik 2200 watt

6. Dudukan Lampu Down Light

7. Plafond Hollow Gypsum

8. Relling tangga Besi Hollow

9. Kamar Mandi Setengah Dinding Keramik, Closset Duduk, Shower, wastafel, Hexospen

10. Air PDAM

11. Tersedia Instalasi tiap Ruangan

12. Rangka Atap Baja Ringan

13. Genteng Multi Roop

14. Tersedia Penampungan Air ( Toren )

Bahan Bagus Tahan Lama !!!

Legalitas Sertifikat Hak Milik





Jangan Lewatkan Promo Discount Besar Besaran Ini !



Segera Kunjungi Lokasi dan Book Unitnya Sebelum Kehabisan.

14 Project sebelumnya Habis dalam Jangka Waktu 1-2 bulan..





Cara Bayar :

Cash Keras

Cash Bertahap

Kpr



Minat Hubungi :

Sales In House





JAJANG 



085648077749"
52,04-02-2021,https://www.rumah.com/listing-properti/dijual-di-jual-rumah-real-estate-lt-oleh-eno-ida-nurhuda-18420281,550000000,Jakarta ,136,45,2,1,0,0,1,0,1300,SHM,Di jual Rumah real estate lt,"Di jual rumah real estate murce lt
                                    Rumah Minimalis Murah, tanah luas, 
di Citra Indah City, sebuah kawasan seluas 1200 Ha yang sedang 
berkembang menjadi kota mandiri persembahan Group Ciputra di Timur 
Cibubur Selatan Cikarang,tersedia banyak pilihan rumah hook  

Fasilitas Perumahan Lengkap: 

Waterpark, Sekolah ( Negeri, IT, Umum ), Pasar Tradisional, Shuttle Bus (
 grogol, blokm, mega kuningan, artha gading ),Angkutan kawasan, Bank dan
 ATM center, Kawasan Niaga ( Citraindah Square 1 2, Shooping Street, 
Citraindah Festival ). Rumah Sakit, Klinik, Pocm Bensin, Jogging Track, 
security 24 jam, sarana ibadah ( masjid gereja ) sarana olah raga ( 
lap.futsal, tenis, badminton, jogging track) .

Harga terjangkau, nilai investasi tinggi 



Persembahan dari Ciputra Group , Citra Indah City hunian nuansa 
pegunungan dengan hawa yang sejuk bebas polusi , berada di areal seluas 
1200 H  yang sedang berkembang menjadi Kota mandiri, terletak di timur 
cibubur selatan cikarang. 

Fasilitas Perumahan Lengkap: 

Waterpark, Sekolah ( Negeri, IT, Umum ), Pasar Tradisional, Shuttle Bus (
 grogol, blokm, mega kuningan, artha gading ),Angkutan kawasan, Bank dan
 ATM center, Kawasan Niaga ( Citraindah Square 1 2, Shooping Street, 
Citraindah Festival ). Rumah Sakit, Klinik, Pom Bensin, Jogging Track, 
security 24 jam, sarana ibadah ( masjid,gereja ) sarana olah raga ( 
lap.futsal, tenis, badminton, jogging track) .



Lokasi yang terjangkau ke arah bekasi , cikarang, bogor, Jakarta ,

Fasilitas yang lengkap,  hargaa terjangkau menjadikan hunian ini memiliki tingkat investasi tinggi  

Tersedia unit baru dan siap huni, rumah hunian  dan ruko  dengan konsep minimalis

Segera miliki unit2 kami dengan harga yang sangat terjangkau ."
53,04-02-2021,https://www.rumah.com/listing-properti/dijual-citra-garden-city-2-extension-oleh-deddy-liu-18082764,2975000000,Jakarta ,128,212,4,3,1,1,1,0,3500,SHM,Citra Garden City 2 Extension,"Dijual Rumah Rapi bangunan baru model minimalis
                                    Dijual Rumah Minimalis 

Citra 2 Extention

Bangunan baru 1 thn

8 x 16 m2

2 lantai

Kt 4 + 1 

Km 3 + 1 

•Atap baja ringan

•Sun Solar heather 

•Filter/ Tabung penyaring air 

•Advance air minum 

•Kitchen set 

•Ac 5 buah baru 

•Tile size 80

•bata merah

•Hadap utara

•Shm 

2.975 M Nego

Deddy liu 

081212825506"
54,04-02-2021,https://www.rumah.com/listing-properti/dijual-perumahan-jatinegara-indah-oleh-dina-kumala-dewi-18267446,1750000000,Jakarta ,120,88,3,2,0,0,1,0,2200,SHM,Perumahan Jatinegara Indah,"Rumah Siap Huni
                                    Perumahan dengan fasilitas 24 jam

dekat dengan mall Buaran Plaza,

dekat dengan SPBU, tempat Ibadah, pasar Tradisional, Ke Aeon JGC 15 mnt,
 ke Mall Kelapa Gading 15 menit, dekat dengan sekolah, 20 menit menuju 
RS Omni Kelapa Gading"
55,04-02-2021,https://www.rumah.com/listing-properti/dijual-rumah-jakarta-timur-bambu-apus-cipayung-oleh-dian-17944222,1190000000,Jakarta ,45,64,2,2,0,0,1,0,2200,SHM,Rumah Jakarta Timur | Bambu Apus - Cipayung,"Rumah Milenial - 2 Lantai. Lokasi Premium - 2 menit dari Toll Jorr
                                    PALM ONE RESIDENCE

Bambu Apus, Cipayung Jakarta Timur



SIAP HUNI - Hanya 2 menit dari Toll JORR dan dekat LRT - Lokasi PREMIUM

TERSISA 3 unit READY STOCK 

Rumah 2 Lantai - Cluster Pinggir Jalan Utama



Tipe unit : Mediterranian Palm.

Luas Bangunan : 64 m2 

Luas Tanah : 45m2. 

Harga : Rp. 1.270.000.000,- (Harga Khusus sisa 2 menjadi Rp. 1.190.000.000,-



Tipe unit : California Palm     

Luas Bangunan : 101 m2 

Luas Tanah : 93m2    

Harga : Rp 2.020.000.000



Spesifikasi Bangunan :

Pondasi : Cakar ayam

Struktur : Beton bertulang

Dinding : Bata ringan plester aci

Finishing : Cat jotun/setara

Lantai : Granite tile 60×60 cm

Atap : Rangka baja ringan

Genteng : Beton plat

Plafond : Gypsum, rangka hollow

Kusen : Kamper oven, finishing duco (luar), finishing melamine (dalam)

Kusen Jendela : Aluminium

Sanitair : American standard/washer/setara

Air : Jet Pump

Listrik : 2200 VA

2 unit menghadap timur 1 unit menghadap barat,

KEUNGGULAN

Hanya 1 menit ke apotik K 24 dan Kimia Farma

Hanya 1 menit ke Indomaret

Hanya 1 menit ke ATM BNI, MANDIRI, BCA, BANK DKI dan BRI

Hanya 2 menit ke JORR

Hanya 4 menit ke RS Adhyaksa

Hanya 5 menit ke pusat jajanan GREEN TERRACE

Hanya 5 menit ke TMII Jakarta

Hanya 5 menit ke terminal dan stasiun LRT Kp. Rambutan

Hanya 5 menit ke MCD Cipayung

Hanya 5 menit ke stasiun LRT Ciracas

Hanya 10 menit ke MABES TNI

Hanya 10 menit ke TAMINI SQUARE



Hubungi team marketing kami di:

0811 1281 951 - 0811 901 951"
56,04-02-2021,https://www.rumah.com/listing-properti/dijual-jual-rugi-rumah-uk-8x15-hook-di-pik-2-tahap-1-oleh-herliana-ciu-18418482,3750000000,Jakarta ,165,175,3,3,0,0,2,0,2200,SHM,Jual rugi rumah uk 8x15 hook di pik 2 tahap 1,"Jual rugi rumah uk 8x15 hook di pik2 tahap 1
                                    RUMAH 8x15 PIK - PIK 2

PIK, PANTAI INDAH KAPUK, PIK 2, JAKARTA



POSISI HOEK

2 LANTAI

LUAS TANAH 165 m²

LUAS BANGUNAN 175 m²



Rp 3,750,000,000

SERTIFIKAT : PPJB BISA NAIK SAMPAI SHM

SERAH TERIMA 2021



UNTUK SHOW UNIT / INFO UKURAN LAIN :

HERLIANA CIU

LOT PROPERTY

HP : 0857 8119 3188 (WA / Call)



SPECIALIST PIK

BUY / SELL / RENT / CONSULT PROPERTY PIK

NEED MORE INFO?

FEEL FREE TO CALL/WA TO ASK ME

I WILL GIVE THE BEST PRICE AND SOLUTION"
57,04-02-2021,https://www.rumah.com/listing-properti/dijual-rumah-pik-2-6x10-termurah-sebelum-dibeli-orang-oleh-herliana-ciu-18410068,1550000000,Jakarta ,79,60,2,2,1,1,2,0,,SHM,"RUMAH PIK 2 6x10 TERMURAH, SEBELUM DIBELI ORANG","Rumah PIK 2 6 x 10 Termurah
                                    RUMAH 6x10 PIK - PIK 2

PIK, PANTAI INDAH KAPUK, PIK 2, JAKARTA



2 LANTAI

LUAS TANAH 60 m²

LUAS BANGUNAN 79 m²

2+1 KAMAR TIDUR

2+1 KAMAR MANDI





Rp 1,55 MILYAR

SERTIFIKAT : PPJB BISA NAIK SAMPAI SHM

TAHUN 2021 SERAH TERIMA



UNTUK SHOW UNIT / INFO UKURAN LAIN :

HERLIANA CIU

LOT PROPERTY

HP : 0857 8119 3188 (WA / Call)



SPECIALIST PIK

BUY / SELL / RENT / CONSULT PROPERTY PIK

NEED MORE INFO?

 FEEL FREE TO CALL/WA TO ASK ME

I WILL GIVE THE BEST PRICE AND SOLUTION"
58,04-02-2021,https://www.rumah.com/listing-properti/dijual-green-garden-oleh-yovita-18403684,1990000000,Jakarta ,96,150,3,3,1,0,1,0,4400,SHM,Green Garden,"Jual Cepat Rumah di Green Garden Renov Sangat Terawat & Sangat Terjaga
                                    Rumah Diperumahan Green Garden Termurah



Di Jual Cepat (BU) Rumah di Green Garden Renov Sangat Terawat & Sangat Terjaga



Green Garden

Luas tanah: 96m2 (6x16)

Luas bangunan: 150m2

3 Kamar Tidur + 1

3 Kamar Mandi

2 lantai

Walk in Wardrobe

2 Water Heater

4 unit AC (2 unit 2PK + 2 unit 1pk)

Cooker Hood Modena

Kompor Gas tanam Modena 4 tungku

4400 Watt

CarPort 1

Air PAM

Lebar Jalan Luas 2 Mobil

Atap Baja Ringan

Semi Furnished

SHM - Sertifikat Hak Milik



Harga: Rp.1.990.000.000,- (Nego)



Contact:

Yovita 085710001222

(WhatsApp Only)"
59,04-02-2021,https://www.rumah.com/listing-properti/dijual-bintaro-oleh-yeheskiel-jordan-18044219,3500000000,Jakarta ,390,500,4,5,2,0,5,0,3500,SHM,Bintaro,"Dijual rumah jakarta selatan bintaro, siap huni,bangunan kokoh,murah
                                    Dijual rumah jakarta selatan, 
lingkungan aman dan nyaman, bebas banjir dan bangunan kokoh, harga 
murah, sertifikat lengkap.



Spek 

▪︎LT 390 M2.

▪︎LB 500 M2

▪︎4 + 2 Kamar tidur 

▪︎5 Kamar mandi 

▪︎Kolam Renang

▪︎Parkir 5 mobil 

▪︎Halaman luas dan ada rooftop 



Sertifikat 》 SHM & IMB lengkap

Harga.     》 RP 3.5 M (Nego )

Hub Jordan 0812 8191 1462



Bisa dibantu kpr sampai selesai 

IG @doctor_property"
60,04-02-2021,https://www.rumah.com/listing-properti/dijual-rumah-mewah-dalam-komplek-siap-huni-di-lebak-bulus-lebak-bulus-jakarta-selatan-oleh-indah-18426284,"5,500,000,000.00",Jakarta ,174,232,4,3,1,1,2,0,5500,SHM,"RUMAH MEWAH DALAM KOMPLEK SIAP HUNI DI LEBAK BULUS, LEBAK BULUS JAKARTA SELATAN","Alif Premiere Cluster 3 lantai mulai 900 Jutaan dengan konsep islami yg sangat mewah dan BEBAS BANJIR.

- AKSES 3 Pintu Tol (Jatibening, Jatiasih dan Jati Warna)
- Termasuk biaya-biaya surat, kecuali ppn & BPHTP

>> SKEMA PEMBAYARAN <<
1. Cash Keras
2. Cash Bertahap
3. KPR
Booking Fee cukup 5 juta
-> DP 30%
>> UNIT TERSEDIA TERBATAS, Tipe Luas Bangunan 90 & 100
>> SPESIFIKASI <<
- 3 Lantai
- 3 Kamar tidur
- 2 Kamar mandi
- Air Tanah bersih, bisa diminum

>> Fasilitas Umum :
- ️1.5km (7 menit) ke tol Pondok Gede Timur (Jatibening)
- 4.8km (16 menit) ke tol Jatiasih
- ️4.8km (16 menit) ke tol Jatiwarna
- ️1.2km (5 menit) ke TK, SDIT Al Azhar Jatikramat
- ️2.4km (10 menit) ke Al Azhar Syifa Budi Jatibening
- 3.3km (15 menit) Darussalam Islamic School
- ️2.2km (9 menit) LRT Jatibening
- ️6.8km (25 menit) Plaza Pondok Gede
- 4.7km (15 menit) RS Kartika Husada Jatisih
- ️3.3km (12 menit) RS Mitra Keluarga Pratama Jatiasih
- ️3.6km (14 menit) RS Mas Mitra Jatimakmur
- ️8.5km (25 menit) RS Hermina Galaxy
- ️8.5km (25 menit) Grand Galaxy Park Mall
- ️1.1km (4 menit) Superindo Jatibening
- ️650m (3 menit) Pasar Tradisional Fresh Market Cikunir
- ️350m (2 menit) SPBU Pertamina Ratna
- ️2km (7 menit) Shell Jatibening
- Lingkungan masih hijau, nyaman, tenang dan sudah ramai
Lokasi sangat bagus untuk investasi karena pasti harga akan naik terus.

Dapatkan special diskon khuss bukan MARET 2021
Diskon 50 juta utk KPR
+ Bonus toren 1000L / AC
Diskon 100 juta utk CASH KERAS
+ Bonus toren 1000L, Kitchen set

                                    For Sale!!



Rumah mewah dalam komplek lebak bulus jakarta selatan

layout lapang

pencahayaan bagus



lokasi strategis

dekat tb simatupang

dekat sekolahan

dekat pondok indah

dekat rumah sakit

dekat citos



luas tanah 174 m

luas bangunan 232 m

kamar tidur 4+1

kamar mandi 3+1

bangunan 3 lantai

listrik 5500 watt

1 line tlp

4 unit ac

bangunan baru tahun 2019

shm



Harga Rp.5.5 M



more info

Indah

082213420829"
61,04-02-2021,https://www.rumah.com/listing-properti/dijual-jatibening-alif-premiere-oleh-astik-18346146,1500000000,Jakarta ,70,100,3,2,0,0,1,0,2200,SHM,Perumahan Alief Jatibenting,"Rumah Minimalis 3 Lantai Jatibening Promo Maret Diskon Cash 100 Juta
Alif Premiere Cluster 3 lantai mulai 900 Jutaan dengan konsep islami yg sangat mewah dan BEBAS BANJIR.

- AKSES 3 Pintu Tol (Jatibening, Jatiasih dan Jati Warna)
- Termasuk biaya-biaya surat, kecuali ppn & BPHTP

>> SKEMA PEMBAYARAN <<
1. Cash Keras
2. Cash Bertahap
3. KPR
Booking Fee cukup 5 juta
-> DP 30%
>> UNIT TERSEDIA TERBATAS, Tipe Luas Bangunan 90 & 100
>> SPESIFIKASI <<
- 3 Lantai
- 3 Kamar tidur
- 2 Kamar mandi
- Air Tanah bersih, bisa diminum

>> Fasilitas Umum :
- ️1.5km (7 menit) ke tol Pondok Gede Timur (Jatibening)
- 4.8km (16 menit) ke tol Jatiasih
- ️4.8km (16 menit) ke tol Jatiwarna
- ️1.2km (5 menit) ke TK, SDIT Al Azhar Jatikramat
- ️2.4km (10 menit) ke Al Azhar Syifa Budi Jatibening
- 3.3km (15 menit) Darussalam Islamic School
- ️2.2km (9 menit) LRT Jatibening
- ️6.8km (25 menit) Plaza Pondok Gede
- 4.7km (15 menit) RS Kartika Husada Jatisih
- ️3.3km (12 menit) RS Mitra Keluarga Pratama Jatiasih
- ️3.6km (14 menit) RS Mas Mitra Jatimakmur
- ️8.5km (25 menit) RS Hermina Galaxy
- ️8.5km (25 menit) Grand Galaxy Park Mall
- ️1.1km (4 menit) Superindo Jatibening
- ️650m (3 menit) Pasar Tradisional Fresh Market Cikunir
- ️350m (2 menit) SPBU Pertamina Ratna
- ️2km (7 menit) Shell Jatibening
- Lingkungan masih hijau, nyaman, tenang dan sudah ramai
Lokasi sangat bagus untuk investasi karena pasti harga akan naik terus.

Dapatkan special diskon khuss bukan MARET 2021
Diskon 50 juta utk KPR
+ Bonus toren 1000L / AC
Diskon 100 juta utk CASH KERAS
+ Bonus toren 1000L, Kitchen set
"
62,04-02-2021,https://www.rumah.com/listing-properti/dijual-cluster-carten-oleh-revaldy-muhammad-17721820,1300000000,Jakarta ,90,70,4,2,0,0,1,1,2200,SHM,Cluster Carten,"Miliki Segera Cluster Mewah Termurah Di Jakarta Timur Akses One Gate
Miliki segera cluster termurah di Jakarta Timur

tipe Cyrcloop
Bangunan 2 Lantai + Rooftop
Luas Tanah 90 M2
Luas Bangunan 70 M2
Kamar Tidur 3
Kamar Mandi 2
Carport 2 Mobil
Balkon
Dapur
Taman Belakang
Taman Depan
Rooftop
Canopy
Pagar


-----------------------------------

Tipe Derabaroo
Bangunan 2 Lantai + Rooftop
Luas Tanah 132 M2
Luas Bangunan 88 M2
Kamar Tidur 3
Kamar Mandi 3
Carport 2 Mobil
Taman Belakang
Taman Depan
Balkon
Dapur
Rooftop
Canopy
Pagar

-----------------------------------

Kerjasama Bank BSM dan BTN

Spesifikasi :
Homogenous Tile 60x 60
Struktur Beton Bertulang
Dinding Hebel Plester Aci
Plafond Gypsum
Atap Dak Beton & Rangka Hollow
Kusen Pintu Dan Jendela Aluminium
Sanitair American Standard
Kamar Tidur : 3
Kamar Mandi : 2
Listrik : 2200
Carport : 2
Lantai : 3
Akses : 2 Mobil
Bebas Banjir
Air : Pam
Legalitas: SHM, IMB

Semua Unit Indent 6 Bulan

Seling Point :
Serah Terima Tepat Waktu ( 6 Bulan)
Bonus Canopy dan Pagar
CCTV Tiap Unit
One Gate System
Angkutan Umum 24 Jam
Security 24 Jam
10menit Ke Tol Cacing
10 Menit Ke Tol Bintara
Dekat Fasilitas Kesehatan
Dekat Fasilitas Ibadah
Dekat Fasilitas Pendidikan
Dekat Kawasan Industri Pulogadung , Yamaha , United Tractors , Suzuki
Dekat Fasilitas Perbelanjaan Dan Kuliner
"
63,04-02-2021,https://www.rumah.com/listing-properti/dijual-dijual-rumah-buaran-indah-jakarta-timur-lokasi-strategis-oleh-mariani-ang-18311729,200000000,Jakarta ,97,101,4,3,0,0,0,1,2200,SHM,Dijual rumah buaran indah Jakarta Timur lokasi strategus,"LT 97m
LB 101m
KT 4 KM 3
SHM
Listrik 2200watt, air jetpump, toren
Sudah termasuk AC dan furniture
Bebas banjir
Lokasi strategis dekat Mall, Stasiun kereta, halte busway, sekolah
Harga 2,2M nego
"
64,04-02-2021,https://www.rumah.com/listing-properti/dijual-perum-jatinegara-indah-jln-gunung-lawu-oleh-rokib-str-17839326,3000000000,Jakarta ,90,70,2,1,0,0,1,0,2200,SHM,"Perum Jatinegara indah , jln gunung lawu","Cluster ini berlokasi didalam perumahan Jatinegara indah dimana Perumahan tsb sdh hidup/banyak penghuninya.

Lokasinya dekat dengan pusat perbelanjaan, Buaran Plaza, Kawasan industri Pulo gadung, Kantor walikota Jakarta timur dll"
65,04-02-2021,https://www.rumah.com/listing-properti/dijual-rumah-komp-abadi-duren-sawit-oleh-hamzah-hamzah-10884710,7000000000,Jakarta ,332,600,5,5,1,1,1,1,3500,SHM,Rumah komp abadi Duren Sawit,pencahayaan bagus
66,04-02-2021,https://www.rumah.com/listing-properti/dijual-cluster-exclusive-3lantai-mewah-dan-berkelas-oleh-cicilia-18136433,2300000000,Jakarta ,74,150,4,4,0,0,1,0,4400,SHM,Cluster exclusive 3lantai mewah dan berkelas,"Rumah Mewah 3lantai Di Dlm Cluster Lokasi Strategis Di Rawamangun
Cluster Minimalis 3 Lantai di Rawamangun Jakarta Timur
Desain Modern Masa Kini
""Free Full Furnish atau Diskon 200jt""

Dan Banyak bonus lainnya
Keamanan Terjamin Dengan One Gate System,

Lokasi Strategis Dekat Dengan Tol Dan Pusat Niaga,


Unit Terbatas Hanya 7 Unit (sisa 5 Unit)
BONUS !!

Instalasi AC 3 Unit
Water Heater 2 Unit
Free 1 Year IPL

Lokasi Terbaik :
- 10 menit ke Tip Top
- 10 menit ke Mall Arion
- Dekat Tol Rawamangun & LRT Veloodrome
- Dekat RS Persahabatan
-Dekat Sekolah Al Azhar, Tarakanita, Lab School
-Dekat Golf Rawamangun, Veloodrome
Ada 2 Type yg Tersedia
Blok ABC :
LT 74 / LB 150
K. Tidur 3 + 1
K. Mandi 3 + 1
Harga Rp 2.3,-  M
Blok DE :
LT 78 / LB 170
K. Tidur 3 + 1
K. Mandi 3 + 1
Harga Rp  2.4,-  M
Spesifikasi :
-Pondasi       : Cakar Ayam
-Dinding       : Batu Bata
-Kusen         : Aluminium Coating
-Pintu Utama   : Kamper Oven (Solid)
-Lantai :Granite Tile 60 x 60
-Plafond       : Gypsum (Rangka Hollo Galvanis)
-Rangka Atap   : Baja Ringan
-Penutup Atap  : Metal Coating & Alumunium Foil
-Sanitary      : TOTO
-Air           : Jet Pump
-Daya Listrik  : 3500 W
-Anti Petir
-Dedicated MCB
Cara Bayar :
Cash
Cash Bertahap 8 bln
KPR Min Dp.20% (BTN & BNI Syariah)

Booking Fee 25 jt
"
67,04-01-2021,https://www.rumah.com/listing-properti/dijual-rumah-mewah-di-buaran-oleh-dodo-sugra-16680451,325000000,Jakarta ,160,250,5,4,0,0,1,1,3500,SHM,Rumah mewah di Buaran,"Komp. Taman Buaran Indah
Dijual cepat rumah siap huni

Lokasi sangat strategis
Lingkungan komplek elite buaran
Aman, nyaman, tenang dan bebas banjir
Akses jalan depan rumah 2 mobil
"
68,04-01-2021,https://www.rumah.com/listing-properti/dijual-rumah-buaran-258m-oleh-dodo-sugra-18418822,3100000000,Jakarta ,258,210,5,3,0,0,0,1,3500,SHM,Rumah Buaran 258 M,dekat tb simatupang
69,03-31-2021,https://www.rumah.com/listing-properti/dijual-hanya-5-juta-rumah-dekat-stasiun-oleh-sri-radonna-sinaga-17907481,1300000000,Jakarta ,105,88,3,2,0,0,2,0,2200,SHM,Hanya 5 juta rumah dekat stasiun,"Hanya 5 Juta Rumah Dekat Stasiun
HUNIAN Cluster di Bekasi Terbebas dari Banjir . Kok bisa yah ?
Bisa dong karena area kita lebih tinggi 1 meter dari perumahan yang lain serta saluran dan penampungan airnya sudah ditata dengan baik jadi gak usah khawatir lagi 100Kawasan Grand Duta City Bekasi Terbebas dari BANJIR . Kawasan yang berdiri diLuas Lahan 200 HA serta memiliki Concept yaitu :
* One stop Living
* Green Community
* New Lifestyle in Bekasi
Dibangun oleh pengembang properti ternama yang ada di Indonesia yaitu DUTA PUTRA LAND yang sudah Terpercaya oleh Keluarga Indonesia lebih dari 20 Tahun .

Untuk Akses dan Transportasi Terdekat meliputi :
* Gerbang Tol JORR 2 ( Cilincing-Cibitung ) hanya 5 menit
* Gerbang Tol Bekasi Barat hanya 15 menit
* Shuttle Bus Transjakarta ( KHI ) hanya 5 menit
* Stasiun Terdekat ( Cakung,Kranji,Bekasi ) hanya 15 menit

Untuk type yang ditawarkan didalam area Cluster West Manhattan Bangunan 2 Lantai dengan harga 1,2 Milyard jutaan dengan Dp hanya 172 Jutaan Rupiah anda sudah dapat memiliki :
Type *Sharman*
LB : 88 m
LT : 105 m
Lebar carport 7 meter
2 KM , 3 KT
Bangunan 2 Lantai
Taman Pribadi
Bangunan terdiri dari :
* Full bata merah double dinding
* Atap Baja Ringan
* Lantai Granit 60 x 60
* Ceiling/ plafon 4.5 meter
* Instalasi AC sudah tertata
* Free Closet,Shower,Wastaffle by TOTO
* Alumunium Kusen by YKK
* Sudah PDAM
* Pasokan Listrik 2200 watt
* One Gate System Cluster
* Keamanan 24 jam + CCTV Area

Untuk Fasilitas yang ada di GDC meliputi :
* Central Park Mall GDC
* Commercial Area & Shophouse
* Outdor Area & Garden Area
* Food Court & Sport Club
* Apartment & Sarana Pendidikan
* Jogging Track & Shopping Avenue

Dapatkan Promo sampai dengan 100 juta rupiah !! Syarat dan ketentuan berlaku + Free BPHTB & Sertifikat .
Segera miliki hunian di Kawasan Grand Duta City Bekasi dapat untungnya nikmati kenyamanannya...

"
70,03-31-2021,https://www.rumah.com/listing-properti/dijual-rumah-modern-dikawasan-super-block-oleh-sri-radonna-sinaga-17907701,1100000000,Jakarta ,90,69,3,2,0,0,2,0,2200,SHM,Rumah modern dikawasan super block,dekat pondok indah
71,03-31-2021,https://www.rumah.com/listing-properti/dijual-buaran-duren-sawit-jakarta-timur-oleh-sujono-17795844,245000000,Jakarta ,120,180,4,3,1,0,3,0,2200,SHM,Buaran duren sawit jakarta timur,"Rumah Modern Dikawasan Super Block
HUNIAN Cluster di Bekasi Terbebas dari Banjir . Kok bisa yah ?
Bisa dong karena area kita lebih tinggi 1 meter dari perumahan yang lain serta saluran dan penampungan airnya sudah ditata dengan baik jadi gak usah khawatir lagi 100Kawasan Grand Duta City Bekasi Terbebas dari BANJIR . Kawasan yang berdiri diLuas Lahan 200 HA serta memiliki Concept yaitu :
* One stop Living
* Green Community
* New Lifestyle in Bekasi
Dibangun oleh pengembang properti ternama yang ada di Indonesia yaitu DUTA PUTRA LAND yang sudah Terpercaya oleh Keluarga Indonesia lebih dari 20 Tahun .

Untuk Akses dan Transportasi Terdekat meliputi :
* Gerbang Tol JORR 2 ( Cilincing-Cibitung ) hanya 5 menit
* Gerbang Tol Bekasi Barat hanya 15 menit
* Shuttle Bus Transjakarta ( KHI ) hanya 5 menit
* Stasiun Terdekat ( Cakung,Kranji,Bekasi ) hanya 15 menit

Untuk type yang ditawarkan didalam area Cluster West Manhattan Bangunan 2 Lantai dengan harga 1,2 Milyard jutaan dengan Dp hanya 172 Jutaan Rupiah anda sudah dapat memiliki :
Type *Sharman*
LB : 88 m
LT : 105 m
Lebar carport 7 meter
2 KM , 3 KT
Bangunan 2 Lantai
Taman Pribadi
Bangunan terdiri dari :
* Full bata merah double dinding
* Atap Baja Ringan
* Lantai Granit 60 x 60
* Ceiling/ plafon 4.5 meter
* Instalasi AC sudah tertata
* Free Closet,Shower,Wastaffle by TOTO
* Alumunium Kusen by YKK
* Sudah PDAM
* Pasokan Listrik 2200 watt
* One Gate System Cluster
* Keamanan 24 jam + CCTV Area

Untuk Fasilitas yang ada di GDC meliputi :
* Central Park Mall GDC
* Commercial Area & Shophouse
* Outdor Area & Garden Area
* Food Court & Sport Club
* Apartment & Sarana Pendidikan
* Jogging Track & Shopping Avenue

Dapatkan Promo sampai dengan 100 juta rupiah !! Syarat dan ketentuan berlaku + Free BPHTB & Sertifikat .
Segera miliki hunian di Kawasan Grand Duta City Bekasi dapat untungnya nikmati kenyamanannya...

"
72,03-31-2021,https://www.rumah.com/listing-properti/dijual-rumah-di-duren-sawit-cocok-utk-renov-oleh-rahayu-18274102,140000000,Jakarta ,102,90,3,2,0,0,1,0,2200,SHM,Rumah Di Buaran Harus Renov Turun Harga,"Rumah standar uk 6 x 17 harus direnov kembali, lokasi super strategis dekat akses kemana mana, dan sangat mudah akses transportasi juga , lokasi BEBAS dari banjir....sangat nyaman dan aman dengan kemanan 1 pintu"
73,03-29-2021,https://www.rumah.com/listing-properti/dijual-rumah-kos-krt-radjiman-buaran-oleh-hamzah-17964659,3000000000,Jakarta ,229,400,10,10,0,0,0,0,2200,SHM,Rumah Kos KRT Radjiman Buaran,"Rumah Kos 39 Pintu Kp. Rawabadung Cakung
Rumah Kos kp. rawabadung Cakung Buaran Jakarta timur


Spesifikasi
- SHM + IMB
- LT:  229 m2
- LB: 400 m2 (3 Lantai)
- 38 KT + 1 Kmr Karyawan


Lokasi super strategis :

Hanya 3 menit ke
1. Stasiun KA Buaran
2. Kawasan Pulogadung
3. Carrefour Buaran


- Harga Kamar 600 - 700 rb /bln

Net income 20- an jt/bln


*Harga Rp 3 milyar/nego        
"
74,03-29-2021,https://www.rumah.com/listing-properti/dijual-rumah-buaran-duren-sawit-oleh-hamzah-17913448,550000000,Jakarta ,216,330,6,6,0,0,4,0,3500,SHM,Rumah Buaran Duren Sawit,"Dijual rumah di Buaran Duren Sawit Jakarta Timur


Lt/lb 216/330 KT 4+2 KM 5+1

- Bangunan baru siap huni
- Garasi 4 mobil
- 5 menit Stasiun Buaran

*Harga Rp 5.5 milyar
"
75,03-29-2021,https://www.rumah.com/listing-properti/dijual-rumah-mewah-di-jalan-boulevard-oleh-hamzah-17885005,750000000,Jakarta ,350,500,7,7,0,0,5,0,3500,SHM,Rumah mewah di jalan boulevard,luas bangunan 232 m
76,03-29-2021,https://www.rumah.com/listing-properti/dijual-dijual-rumah-megah-2-lantai-di-daerah-buaran-1-pintu-gate-jakarta-timur-oleh-oka-lie-18327054,4800000000,Jakarta ,320,300,7,5,1,0,2,1,4500,SHM,Dijual Rumah Megah 2 Lantai Di Buaran,"Dijual rumah megah 2 lantai di daerah buaran 1 pintu gate Jakarta timur

Luas Tanah : 320 m2
Luas Bangunan : 300 m2
Kamar Tidur : 6
Kamar Pembantu : 1
Kamar Mandi : 5
Gudang : 2
Garasi : 1
Carport : 2
Listrik : 4.500 watt
Air : pam atau sumur
Sertifikat : SHM

Harga : 5.5 M nego turun harga jadi 4.8 M nego
"
77,03-29-2021,https://www.rumah.com/listing-properti/dijual-rumah-kav-ptb-duren-sawit-oleh-hamzah-17456258,5000000000,Jakarta ,313,420,6,4,1,1,2,2,4400,SHM,Rumah Kav PTB Duren sawit,"Dijual rumah di Kav PTB Duren sawit Jakarta timur

lt/lb 313/420 KT 6+1 KM 4+1

- Konstruksi th 2014
- Jetpump, PAM
- Indoor Gazebo
- 2 Ruang serbaguna, Kolam ikan Koi
- 5 menit RS. Duren sawit
- Dekat ke jl.raya, pasar, tempat ibadah, pendidikan dll

*Harga Rp. 5 milyar/nego        
"
78,03-29-2021,https://www.rumah.com/listing-properti/dijual-rumah-buaran-regency-duren-sawit-oleh-hamzah-17885117,450000000,Jakarta ,330,200,5,5,1,0,4,0,3500,SHM,Rumah Buaran Regency Duren sawit,"Dijual rumah di Buaran Regency Jakarta Timur


Lt/lb 330/200 KT 5+1 KM 5

- Bangunan bagus Siap Huni
- One gate system
- Keamanan 24 jam
- Lingkungan nyaman komplek elit
- Depan Kampus Unsada
- Akses langsung ke Casablanca

*Harga Rp 4.5 milyar        
"
79,03-29-2021,https://www.rumah.com/listing-properti/dijual-rumah-cilungup-buaran-duren-sawit-oleh-hamzah-17888954,1500000000,Jakarta ,128,100,3,2,0,0,0,0,2200,SHM,Rumah Cilungup Buaran Duren sawit,"Rumah Cilungup Buaran Duren Sawi
Dijual Rumah di Cilungup Buaran Duren sawit


Lt/lb 128/100 KT 3 KM 2

- Bangunan bagus
- Lingkungan nyaman
- 5 menit McDonald's Buaran

*Harga Rp 1.5 milyar"
80,03-29-2021,https://www.rumah.com/listing-properti/dijual-rumah-buaran-duren-sawit-oleh-hamzah-17885280,1200000000,Jakarta ,80,140,3,2,0,0,1,0,2200,SHM,Rumah Buaran Duren sawit,"Rumah Murah Jalan 2 Mobil
Dijual rumah 2 lantai duren sawit, Jakarta Timur


Lt/lb 80/140 KT 3+1 KM 2+1

- Bangunan minimalis siap huni
- Akses jalan 2 mobil
- Lingkungan nyaman
- 3 menit Dunkin donuts, Carl's Jr Buaran
- 5 menit Carrefour Buaran

*Harga Rp 1.2 milyar"
81,04-01-2021,https://www.rumah.com/listing-properti/dijual-dijual-rumah-siap-huni-di-cipinang-pondok-bambu-duren-sawit-jakarta-timur-oleh-wanti-17360056,3551085000,Jakarta ,143,125,3,2,1,1,2,0,2200,SHM,Dijual Rumah Siap Huni di Cipinang Pondok Bambu Duren Sawit Jakarta Timur,"Dekat Casablanca, Mall Cipinang
Dijual Rumah Cantik 2 Lantai siap huni di Cipinang Pondok Bambu Duren Sawit Jakarta Timur
Selling point' :
Keunggulan
One Gate System
Cctv
Security 24 Jam
Tol Dalam Kota Cawang Tj Priok
Jln Casablanca
Mall Cipinang
Total 12 Unit Tersedia 5 Unit
-Luas Tanah 143m2
Luas Bangunan 125m2
Rp 3,551,085,000

Kamar Tidur 3+1
Kamar Mandi 2+1
Lantai Granite
Carport 2
Taman Depan
Taman Belakang
Balkon
Listrik 2200
Air Jet pump + Toren
SHM + IMB

Harga Sudah Termasuk
IMB
Listrik 2200 Watt
Telpon
Booking Fee 25 Jt
Dp 30%
Kpr Bank BNI Syariah
Cash Bertahap 10x Ke Developer
Hub : Misswanti 081298687264"
82,04-01-2021,https://www.rumah.com/listing-properti/dijual-perumahan-sunter-danau-indah-oleh-hartono-16875707,4100000000,Jakarta ,184,176,5,3,0,0,3,0,3500,SHM,PERUMAHAN SUNTER DANAU INDAH,"Rumah Bagus Dilingkungan Nyaman
terketak dilokasi elite jkt utara sunter ,dekat pusat bisnis,dekat klapa gading,pusat perkantoran,rumah sakit shiloam ,mall sunter ,dekat toll,dekat jakarta fair dll"
83,04-01-2021,https://www.rumah.com/listing-properti/dijual-rumah-dijual-dalam-komplek-2lantai-hadap-timur-ada-taman-dpn-blkg-oleh-ano-sumarno-16718189,9500000000,Jakarta ,378,360,5,3,1,1,1,1,,SHM,"Rumah Dijual Dalam Komplek, 2lantai, Hadap Timur, Ada Taman Dpn Blkg","Rumah Dijual Dalam Komplek, 2lantai, Hadap Timur, Ada Taman Dpn Blkg
Rumah Dijual Dalam Komplek, 2lantai, Hadap Timur, Ada Taman Dpn Blkg


Luas tanah 378m2
Luas bangunan 360m2
2 lantai
SHM
Hadap timur
Lantai atas :
- ruang keluarga
- 3 kamar anak
- 2 kamar mandi
- teras
Lantai bawah :
- ruang tamau
- ruang makan
- ruang keluarga
- 1 kamar utama + kamar mandi dalam
- 2 kamar tidur pembantu
- 1 kamar mandi pembantu
- dapur berih & kotor
- gudang
- garasi+carport
- taman depan & belakang
- teras depan & belakang
- air jet pump+PAM
- air panas SWH





#rumahmurah #rumahmurahdicipete #rumahbagus #rumahbagusdicipete #rumahdijual #rumahdijualdicipete #rumahdijualmurah #rumahdijualcepat #rumahsiaphuni #rumahlingkunganasri #rumahcantik #rumahdicipete #rumahminimalis #rumahbaru #rumahlama #rumahmewah #rumahdalamkomplek #rumahbrandnew #rumahlux #rumah #cipete #rumahadahalaman #halamanluas #kolamrenang #rumahadakolamrenang"
84,04-01-2021,https://www.rumah.com/listing-properti/dijual-di-jual-rumah-di-sunter-dekat-kemayoran-oleh-lia-18423343,2250000000,Jakarta ,170,250,3,3,1,0,3,0,2200,SHM,Di jual Rumah di Sunter dekat kemayoran,"Di Jual Rumah Di Sunter Dekat Kemayoran
Di jual Rumah di Sunter dekat kemayoran

2 lantai

Lt 170
Lb 250
Kt 3 + 1
Km 3
Shm
Carpot 3 mobil

Hrg 2,25M

List TH M2
Hubungi Lia Han 081284322922"
85,04-01-2021,https://www.rumah.com/listing-properti/dijual-perumahan-bintaro-jaya-sektor-1-jakarta-selatan-oleh-iin-agustina-17836304,4500000000,Jakarta ,350,300,4,2,0,0,2,1,2200,SHM,Perumahan Bintaro. Jaya Sektor 1 jakarta Selatan,"Harga Rp.5.5 MRumah Manis Di Lingkungan Nyaman.Berkelas
Dijual cepat dan murah.di bawah harga pasar.
Lokasi strategis masuk wilayah DKI Jakarta Selatan
Bebas banjir, fasilitas.lengkap . Lingkungan nyaman dan berkelas. Aman dan lingkungan asri.
Sarana transportasi lengkap.
Dekat dengan sekolah bertaraf International dan sekolah berbasis religi muslim dan kristiani
Dekat dengan Rumah Sakit Umum. Rumah.Sakit Premier.
Dekat dengan beberapa mall. Pondok Indah Mall. Bintaro Plaza. Lotte Mall. Bintaro Exchange dan pasar modern.
Lingkungan yang nyaman dan asri dengan harga terjangkau.
Pilihan yang tidak mengecewakan"
86,04-01-2021,https://www.rumah.com/listing-properti/dijual-rumah-murah-di-cluster-laseine-jakarta-garden-city-jakarta-timur-oleh-mutia-17977382,1580000000,Jakarta ,102,89,4,1,1,1,1,0,2200,PPJB,"Rumah Murah di Cluster Laseine , Jakarta Garden City, Jakarta Timur","umah Murah Di Cluster Laseine, Jakarta Garden City, Cakung
Dijual Rumah Murah di Cluster Laseine, Jakarta Garden City, Cakung, Jakarta Timur.
Spesifikasi:
Bangunan 2 lantai
Lt 102 m2
Lb 89 m2
KT 4+1, KM 1+1
Air Pam, Listrik 2200 Watt
Bisa KPR.
Please contact Mutia for more info 081383862294"
87,04-01-2021,https://www.rumah.com/listing-properti/dijual-jual-murah-rumah-lama-siap-huni-area-rawamangun-oleh-raihany-18410470,2500000000,Jakarta ,135,120,3,3,0,0,0,1,2200,SHM,"JUAL MURAH. .RUMAH LAMA SIAP HUNI, Area Rawamangun.","Lokasi Sangat Bagus, Area Jl 2 Mobil, Bebas Banjir.
Lokasi sangat strategis,
2 mint ke Stasiun LRT,
2 menit ke Trans Jakarta
2 menit menuju Velodrome
5 menit menuju kelapa gading
5 menit menuju Jl. Pramuka
5 menit menuju Pulo Gadung
5 menit menuju By Pass

Untuk survey lokasi dapat menghubungi :
Raihany - 0818 0858 7037"
88,04-01-2021,https://www.rumah.com/listing-properti/dijual-rumah-oleh-ine-17355597,20000000000,Jakarta ,550,1000,6,6,2,0,7,1,11000,SHM,Rumah,"Rumah Super Bagus Di Kemang
Dijual rumah super bagus lokasi strategis & elite Rumah Kemang Rumah 4 lantai + lift
6 kamar tidur + kamar mandi dalam
Shm
2 kamar pembantu
1 dapur basah
1 dapur kering
Swimming pool
Rooftop
Gym
Semi furnished
Jaquzzi
Carpot 7 mobil
Tanah 550 bangunana 1000
harga 20.000.000.000 M
MeAG"
89,03-11-2021,https://www.rumah.com/listing-properti/dijual-cluster-exclusive-2-lantai-oleh-wira-17191996,700000000,Jakarta ,72,82,3,2,0,0,0,2,2200,SHM,CLUSTER EXCLUSIVE 2 LANTAI,"Glashouse Jatiasih
Glasshouse Residence Cluster Mewah 2 lantai Harga terjangkau. 5 Menit Tol Jatiasih.

Spesifikasi :
Pondasi : Cakar Ayam
Dinding : Pasangan Hebel Plester/Finishing Catylac
Lantai : Granite UK 60x60
Atap : Rangka baja ringan
Plafond : Gypsum
Genteng : Plat Beton
Kusen : Alumunium
Daun pintu : Rangka Kayu + HPL
Sanitari : Kloset & wastafel American Standard
Garasi : 2 Mobil

Seling Point :
1. Dekat Pintu Tol Jatibening,
2 .Dekat Pntu Tol Jatiasih
3. Dekat Pintu Tol JOR
4. Dekat Pintu Tol BECAKAYU
5. Dekat SPBU Jatiasih
6. Dekat Minimarket & Supermarket
7 .Dekat Dengan Mall Grand Metropolitan
8. Dekat Dengan Mall Metropolitan
9. Dekat Dengan Mega Bekasi
10.Dekat Dengan Bekasi Cyber Park
11. Dekat Dengan pasar JatiAsih
12.Dekat Dengan RS Cikunir & RS Hermina
13 Fasilitas Keamanan 24 Jam
14.Fasilitas Lengkap dalam perumahan

Hubungi Segera untuk Jadwal Survey:
Toro ( Marketing Office )
0857-17753240
0813 8063 5895
Instagram : galahumaproperti"
90,04-01-2021,https://www.rumah.com/listing-properti/dijual-tb-simatupang-antasari-rumah-mewah-zonasi-vertikal-r-7-harga-bersahabat-oleh-nina-ika-dewandari-15309581,30000000000,Jakarta ,1198,550,4,3,0,0,7,1,10600,SHM,"TB Simatupang, Antasari Rumah Mewah Zonasi Vertikal R. 7 Harga Bersahabat","TB Simatupang, Antasari, Rumah Mewah Zonasi Vertikal R.7
Harga jual harga NJOP, Rumah dengan halaman luas, lokasi sangat strategis
SELLING POINT
- Lokasi tidak kena Flyover dan tidak kena rencana jalan
- Zonasi Rumah Vertikal R.7
- Bisa untuk perkantoran, Apartemen ataupun Budget Hotel
- Bisa 8 lantai
- KDB 40 %, KLB 2,4

Lokasi dekat dengan :
- Tol TB Simatupang, Perkantoran TB Simatupang
- Cipete, Ampera, Fatmawati, Pondok Indah
- Sekolah dan Rumah sakit terkenal
Harga NJOP"
91,04-01-2021,https://www.rumah.com/listing-properti/dijual-rumah-tanjung-duren-oleh-adut-sugianto-17764763,1200000000,Jakarta ,55,110,3,1,0,0,0,0,2200,SHGB,Rumah Tanjung Duren,"Jual Rumah Tanjung Duren 5x11 Hadap Utara
Jual Rumah Tanjung Duren. Lokasi sangat strategis, dekat dengan kampus Esa unggul, Trisakti, Ukrida, Untar, dekat berbagai mall seperti Central Park, Taman Anggrek.

Rp 1,2 M nego sampai jadi beli.

Spesifikasi:
Rumah bangunan 2 lantai, luas tanah 5 x 11 = 55 m2. Kamar tidur ada 3 (satu kamar utama di bawah, dua kamar di atas), Listrik 2200 watt, air PAM, Sertifikat HGB (bisa anda tingkatkan jadi SHM), tidak masuk mobil.

Apabila anda rencana untuk membeli rumah ini menggunakan fasilitas KPR (Kredit Kepemilikan Rumah) bank, saya akan bantu pengurusannya untuk anda dari awal hingga tuntas. Sehingga anda tetap bisa fokus dengan pekerjaan anda.

Hubungi saya Sugianto di nomor HP 08159135346 untuk atur jadwal survey rumah ini, apabila saya tidak angkat telpon, mohon tinggalkan pesan terlebih dulu yah… nanti saya call back. Mohon juga untuk schedule survey jangan dadakan….

Bagi anda yang ingin titipkan property nya juga untuk dijual/disewakan silahkan hubungi saya di nomor HP 08159135346 atau bisa juga melalui email adut5u@yahoo.com. Very welcome."
92,04-01-2021,https://www.rumah.com/listing-properti/dijual-rumah-pluit-kencana-mewah-rapi-bagus-siap-huni-jalanan-lebar-oleh-harry-chang-17553420,8000000000,Jakarta ,325,500,5,5,1,1,1,1,5500,SHM,"Rumah Pluit Kencana, Mewah, Rapi, Bagus, Siap Huni, Jalanan Lebar","Dijual Cepat Rumah Pluit Kencana, Rapi, Bagus, Jalanan Lebar
Dijual Cepat

Rumah Pluit Kencana (Rapi, Bagus, Jalanan Lebar, Daerah nya Tenang dan Aman)
SHM
2 lantai
Luas Tanah 13x25=325m2
Luas Bangunan -/+ 500m2
5+1KT
5+1KM
Hadap Selatan
5500 Watt
Lantai Granit Tile
Ada Garasi Mobil & Carport
Bangunan -/+ baru 5 thn

Note : Rmh Masih Bagus Sekali
8M nego

Harry Chang
081808334162 (WA)
081212280908
Century21 Mediterania




Tersedia Unit lainnya seperti :
- Kavling, Rumah, Ruko, Apartemen, Gudang.
- Semua Ukuran Kecil-besar.
- Semua Model/Type
- Hadap yang dibutuhkan
Dan
Melayani Transaksi Jual/Beli/Sewa Property, Bahkan bisa membantu anda untuk menjalankan proses pengajuan yang berhubungan dengan Bank seperti :
- KPR (Kredit Kepemilikan Rumah)
- KPA (Kredit Kepemilikan Apartemen)
- KPT (Kredit Kepemilikan Tanah)
- KMK (Kredit Modal Kerja)
- KMG (Kredit Multi Guna)
- KRK (Kredit Rekening Koran)
- Refinancing
- Take Over
- Take Over Jual Beli

Jasa Kontraktor, Arsitek & Interior.

Jika Berminat, Silahkan hubungi saya untuk segala kebutuhan property yang sedang anda butuhkan, Saya siap membantu anda.

TERIMA KASIH.
#OneStopAgent
#Trusted"
93,04-01-2021,https://www.rumah.com/listing-properti/dijual-taman-aries-oleh-lenny-wong-18155092,2200000000,Jakarta ,120,80,2,2,1,1,1,0,2200,SHM,Taman Aries,"Dijual Cepat Taman Aries Ls 120
*DIJUAL BU*
Rumah Taman Aries
Luas tanah : 120 m2
Luas bgnan : 80 m2
Kmr tdr: 2+1
Kmr mandi: 2+1
Brp lantai: 1,5 (mezanin)
Suratnya : SHM
Selatan
Harga jual 2.2M nego

Hub.i Lenny
089664513554 (wa)
0816703131"
94,04-01-2021,https://www.rumah.com/listing-properti/dijual-rumah-minimalis-indent-last-unit-strategis-cijantung-pasar-rebo-jakarta-timur-oleh-yulianto-18316863,1175000000,Jakarta ,89,100,4,3,0,0,2,0,2200,SHM,Rumah Minimalis Indent Last Unit Strategis Cijantung Pasar Rebo Jakarta Timur,"Desain Classic Minimalis (Bisa Custom). Dekat Ke Mall, RS, Dan Toll.
2170RJ
Rumah ini Dekat Sekali Ke Mall Cijantung dan Komplek Kopasus
Lokasi bebas banjir dan akses jalan mobil

Spesifikasi :
LT/LB : 89/100
KT/KM : 4/3
Lantai : 2 Lantai
Air : Jet Pam
Listrik : 2.200
Tipe : Cluster
Status : Indent (bebas Custom)
Akses : 1 Mobil 1 motor
Surat : SHM, IMB dan PBB
Hadap Rumah : Selatan
Fasilitas Rumah : Toren, Void, Carport, Taman, Servis Area
Fasilitas Cluster : Gerbang
Konsep Cluster : Cluster made by order
Kondisi lingkungan : Asri, nyaman dan tenang
Waktu Pembangunan : 6 Bulan
Row Cluster : 4 meter
Unit Tersedia : 1
Total Unit Keseluruhan : 5
Tahun Pembangunan : 2020

Sale Point :
5 menit ke Mall Graha Cijantung
4 Menit ke TOL JORR
10 Menit ke Sekolah Global Islamic School
6 Menit ke Jalan Raya Bogor
25 menit ke Bandara Halim Perdanakusuma
10 Menit ke TB Simatupang
7 Menit ke RSUD Pasar Rebo

Informasi dan Konsultasi
via Telpon WA untuk Fast Respon
Harap konfirmasi H-1 untuk jadwalkan survey ke lokasi

Informasi dan Konsultasi
Telepon dan WhatsApp untuk Fast Respon
Harap konfirmasi H-1 untuk jadwal survey ke lokasi

Hubungi kami
AMANAH PROPERTY
Agent Spesialis Jakarta Timur, Jakarta Selatan dan Depok

Kenapa harus membeli rumah melalui Amanah Property ?
– Legalitas rumah Lengkap dan Aman
– KPR kami bantu proses sampai Akad
– Memiliki Tim Marketing Profesional yang tersertifikasi
– Memiliki Legalitas Resmi (CV)
– Menyediakan Interior berkualitas dengan harga terjangkau
– Menyediakan Konstruksi Bangunan Rumah dengan harga terjangkau
– Menyediakan taman, kanopi, pagar, teralis, dan kolam renang"
95,04-01-2021,https://www.rumah.com/listing-properti/dijual-modern-house-selangkah-akses-toll-desari-oleh-allan-dody-17129954,2250000000,Jakarta ,107,140,3,3,1,1,2,0,2200,SHM,MODERN HOUSE SELANGKAH AKSES TOLL DESARI,"Rumah Indent Dalam Komplek Di Jagakarsa
UNITS MODERN HOUSE SELANGKAH AKSES TOLL DESARI

Another i-LivingPro Project
4 unit rumah bergaya kontemporer di selatan jakarta
hunian berkelas nan asri di komplek seluas 6 hektar persegi

05 MENIT
Akses toll Desari,sekolah avicena,sekolah Cita buana
sekolah Al-hamidiah,Montesori School

15 MENIT
Toll Jorr Simatupang,Transmart Cilandak
Highscope,Siloam Hospital,Cilandak TownSquare

FASILITIES,
jalan komplek lebar,parking area
jogging track,sarana ibadah,sarana olah raga
pos security 24 jam tiap blok.

SPESIFIKASI,
Luas Tanah 107 m2
Luas Bangunan 140 m2
Kamar Tidur 3 + 1
Kamar Mandi 3 + 1
Carport 2 / Garasi 0
Harga 2,25 M negotiable"
96,04-01-2021,https://www.rumah.com/listing-properti/dijual-perumahan-duri-kosambi-oleh-hans-joseph-tjahjadi-18400728,6500000000,Jakarta ,417,468,6,3,1,1,4,0,5500,SHM,perumahan duri kosambi,"Rumah Gandeng Duri Kosambi
Jual Rmh Kosambi Baru 
1. SHM  LT208/LB 368,
2 Lt, PLN 7600w,
PAM, Telp, 6KT+1,  
3KM+1,  Hdp Timur,
Ngantong.
2. SHM  LT209/LB 100
    Tanah kosong 159m²
    2 Lt, 1KT,  1KM, Dapur,
Hdp Timur, Ngantong.

Bisa beli satuan"
97,04-01-2021,https://www.rumah.com/listing-properti/dijual-di-jual-cepat-murah-3-rumah-luas-tanah-1080-m2-lingkungan-asri-bukit-cireundeu-deket-mrt-cocok-untuk-oleh-abdullah-rifky-said-ss-17525142,6600000000,Jakarta ,1080,600,6,6,0,0,4,0,2200,SHM,DI JUAL CEPAT MURAH 3 RUMAH LUAS TANAH 1080 m2 LINGKUNGAN ASRI BUKIT CIREUNDEU DEKET MRT COCOK UNTUK,"Posisi Hook Lokasi Strategis Dekat Kampus Uin Islamic School Dan MRT
Dijual Rumah Megah ada 3 Rumah Dengan Tanah Yang Luas Cocok Untuk buat Cluster

- Luas Tanah 1080Mtr
- 3 rumah, masing LB sekitar kurleb 200mtr. 1 tanah kosong
- SHM lengkap
Lokasi Sangat Strategis:
- Dekat Kampus UIN
-Mumtaza Islamic School
-Tol Lingkar Luar
- Stasiun MRT Lebak Bulus (sekitar 6 KM).

Dapatkan Best Deal Dengan Hanya Menghubungi :
PT. Arbie Propertindo Konsultan
Terimakasih"
98,04-01-2021,https://www.rumah.com/listing-properti/dijual-bangunan-artistik-luas-500m-di-permata-buana-oleh-seandy-salim-16151002,28000000000,Jakarta ,500,1000,4,4,0,0,3,3,16500,SHM,"Bangunan Artistik, luas 500m di Permata Buana","Bangunan Artistik, Luas 500m Di Permata Buana
Rumah terletak di Permata Buana.
Bangunan berseni Bali dengan detail bahan bangunan yg sangat elegan.
Full jati, full marmer, dinding paras krobokan (asli Bali)."
99,04-01-2021,https://www.rumah.com/listing-properti/dijual-rumah-full-bata-merah-di-jln-benda-jagakarsa-oleh-iko-17681042,1700000000,Jakarta ,100,165,4,4,0,0,2,0,2200,SHM,"Rumah full bata merah Di jln Benda Jagakarsa
","Rumah Siap Huni Jln Benda Harga Nego
Rumah Baru 1Tahun
full Bata merah
lokasi nyaman bebas banjir
luas tanah 100meter
luas bangunan 165m
kt 4
km4
negoo"
100,04-01-2021,https://www.rumah.com/listing-properti/dijual-the-wiladatika-residence-oleh-sri-mulyanto-18425324,875000000,Jakarta ,72,70,2,1,0,0,1,0,2200,SHM,The Wiladatika Residence,"Dijual Rumah Lokasi Strategis Di Ciracas Jakarta Timur
Dijual Rumah Lokasi strategis Di Ciracas jakarta timur

Spesifikasi :
Luas tanah 72 m2
Luas bangunan 70 m2
Kamar tidur 2
Kamar mandi 1
Lantai 1
Garden carport

Legalitas SHM

Selling point :
1 menit ke jalan angkot dan alfamart
2 menit ke sekolah PKP
7 menit ke RSUD cibubur
8 menit ke RSKO
20 menit ke Cibubur junction
25 menit ke graha cijantung
Sangat strategis

Harga Rp 875 juta nego
Cash only

Mepo. Alfamart PKP"